spy,date,sent
269.11572265625,2018-08-10,-9.881200000000003
267.8042297363281,2018-08-15,-17.070099999999996
271.5013427734375,2018-08-20,-0.7095000000000001
271.6153564453125,2018-08-23,5.141799999999999
275.40740966796875,2018-08-27,-3.4124000000000017
275.5404968261719,2018-08-28,5.113400000000002
277.0231018066406,2018-08-29,6.743399999999999
275.4359436035156,2018-09-04,9.861600000000008
274.6946105957031,2018-09-05,-19.392300000000006
273.3355407714844,2018-09-07,-8.909599999999992
273.81072998046875,2018-09-10,-6.388599999999995
274.7135925292969,2018-09-11,1.0556999999999985
274.7801818847656,2018-09-12,-2.0048000000000012
276.40533447265625,2018-09-13,1.1643
276.45281982421875,2018-09-14,4.1632
276.48138427734375,2018-09-18,-15.260699999999991
279.01898193359375,2018-09-20,5.565199999999994
278.7640075683594,2018-09-21,-7.678099999999997
277.8379821777344,2018-09-24,7.044400000000001
277.5802307128906,2018-09-25,12.7277
276.7496337890625,2018-09-26,-11.054000000000002
277.52288818359375,2018-09-27,-2.3002999999999996
277.55157470703125,2018-09-28,0.6464999999999996
278.3534851074219,2018-10-02,-10.328299999999988
278.5062561035156,2018-10-03,-19.25369999999998
276.32952880859375,2018-10-04,-18.348399999999984
274.78289794921875,2018-10-05,-10.859000000000002
274.78289794921875,2018-10-08,-21.883599999999998
274.3819274902344,2018-10-09,-23.19449999999999
259.841796875,2018-10-11,-14.275899999999982
263.4505920410156,2018-10-12,-3.088299999999997
267.6989440917969,2018-10-16,7.5999000000000025
267.7467346191406,2018-10-17,-4.946099999999997
263.8801574707031,2018-10-18,-43.69810000000004
263.7370300292969,2018-10-19,-21.308799999999984
262.5531311035156,2018-10-22,-2.672700000000003
261.2165832519531,2018-10-23,-24.336799999999993
253.30206298828125,2018-10-24,-19.513800000000018
257.8464660644531,2018-10-25,-13.904199999999994
251.90821838378906,2018-10-29,-9.24179999999999
255.64105224609375,2018-10-30,-11.530599999999993
258.3715515136719,2018-10-31,-5.936299999999998
261.0065612792969,2018-11-05,-0.796800000000003
262.6581726074219,2018-11-06,5.1905
268.2814025878906,2018-11-07,12.2238
265.1786193847656,2018-11-09,-21.611500000000007
259.73681640625,2018-11-13,0.6926000000000068
260.6533203125,2018-11-15,-16.54390000000001
261.3311462402344,2018-11-16,-16.538199999999993
252.15643310546875,2018-11-20,-30.1277
253.01565551757812,2018-11-21,-17.0355
251.32583618164062,2018-11-23,-12.274799999999995
256.2425537109375,2018-11-27,2.7179999999999986
261.56982421875,2018-11-29,-1.1704999999999925
263.1641845703125,2018-11-30,-3.502299999999998
266.6488037109375,2018-12-03,-3.2633999999999985
251.63133239746094,2018-12-07,9.111600000000001
252.10870361328125,2018-12-10,-21.998000000000008
252.16595458984375,2018-12-11,-11.67929999999999
253.43572998046875,2018-12-12,-5.624500000000001
243.79324340820312,2018-12-17,-15.401600000000002
243.52590942382812,2018-12-18,1.136500000000001
239.87893676757812,2018-12-19,-12.979699999999998
231.13919067382812,2018-12-21,-5.686899999999996
225.03179931640625,2018-12-24,6.029299999999998
236.40151977539062,2018-12-26,-20.0527
237.90916442871094,2018-12-28,-15.862300000000005
240.2426300048828,2019-01-02,-14.7503
234.509765625,2019-01-03,1.9986000000000002
242.3648681640625,2019-01-04,-4.266999999999997
244.27581787109375,2019-01-07,-6.050499999999999
246.57086181640625,2019-01-08,-3.495399999999998
247.72320556640625,2019-01-09,3.1982
248.693115234375,2019-01-11,-7.7214
247.17587280273438,2019-01-14,-16.976600000000005
252.51499938964844,2019-01-17,-2.823699999999987
255.87600708007812,2019-01-18,2.1758000000000064
252.94712829589844,2019-01-23,-7.597199999999996
253.08154296875,2019-01-24,-6.0943000000000005
255.22300720214844,2019-01-25,-17.113699999999984
253.28323364257812,2019-01-28,-22.165099999999992
252.94712829589844,2019-01-29,0.4453999999999989
261.157470703125,2019-02-04,15.226099999999999
262.25225830078125,2019-02-05,-5.534999999999998
261.90655517578125,2019-02-06,-4.476899999999997
259.40985107421875,2019-02-07,-5.431799999999991
259.7267150878906,2019-02-08,-14.097199999999981
259.8707580566406,2019-02-11,-21.06199999999999
263.2125244140625,2019-02-12,5.051400000000001
264.067138671875,2019-02-13,7.603299999999999
263.4814147949219,2019-02-14,-10.811099999999998
266.35260009765625,2019-02-15,20.905600000000003
266.8135681152344,2019-02-19,0.7996000000000014
267.351318359375,2019-02-20,-9.345299999999993
266.40069580078125,2019-02-21,-19.926199999999994
268.0523376464844,2019-02-22,-0.3808999999999998
268.417236328125,2019-02-25,11.826200000000002
268.2251892089844,2019-02-26,-16.62289999999998
269.2815246582031,2019-03-01,-4.8984000000000005
268.302001953125,2019-03-04,4.884700000000003
267.93707275390625,2019-03-05,-7.278400000000002
267.380126953125,2019-03-11,2.5008000000000012
268.3883972167969,2019-03-12,-0.8900999999999981
269.9920349121094,2019-03-14,-8.975699999999998
271.3260192871094,2019-03-15,12.3693
272.309814453125,2019-03-18,8.008900000000006
272.3773193359375,2019-03-19,10.014700000000014
271.5574645996094,2019-03-20,-12.284499999999992
274.6246643066406,2019-03-21,-11.375799999999998
269.3391418457031,2019-03-22,3.345199999999998
271.14276123046875,2019-03-26,0.5959000000000013
269.7248840332031,2019-03-27,-0.2281000000000003
272.4544982910156,2019-03-29,-5.972100000000003
275.8206481933594,2019-04-02,-5.610800000000004
276.2546691894531,2019-04-03,11.217900000000004
276.9876708984375,2019-04-04,15.757799999999985
277.98114013671875,2019-04-11,-1.8281999999999972
279.8619384765625,2019-04-16,8.633899999999995
279.7268981933594,2019-04-18,4.445200000000001
281.8584289550781,2019-04-24,-7.5348000000000015
281.6848449707031,2019-04-25,20.19099999999999
282.99658203125,2019-04-26,-4.4941
283.58489990234375,2019-04-30,-0.4465999999999996
281.453369140625,2019-05-01,-16.03269999999998
280.8456726074219,2019-05-02,-6.722299999999999
283.5945739746094,2019-05-03,7.294900000000005
282.4275207519531,2019-05-06,-3.5750999999999977
277.32525634765625,2019-05-08,6.288599999999999
273.3418273925781,2019-05-14,-8.347299999999995
274.9429016113281,2019-05-15,-38.25540000000002
277.4892272949219,2019-05-16,2.4853000000000023
275.6951904296875,2019-05-17,3.7297999999999973
276.3414306640625,2019-05-21,-15.789300000000004
272.74383544921875,2019-05-24,-15.164399999999995
269.1269226074219,2019-05-30,-5.089800000000002
265.5003967285156,2019-05-31,-14.884700000000013
272.9174499511719,2019-06-05,-29.161599999999982
274.6921081542969,2019-06-06,-8.494499999999999
277.44097900390625,2019-06-07,-7.236800000000005
282.0224304199219,2019-06-18,1.6134999999999986
284.94482421875,2019-06-21,-9.1907
281.8045654296875,2019-06-25,-12.043999999999992
281.52349853515625,2019-06-26,-9.018199999999991
283.9755859375,2019-06-28,-2.6548000000000043
287.29998779296875,2019-07-02,-4.6276
289.4128112792969,2019-07-10,10.681700000000008
290.0912170410156,2019-07-11,-2.5301000000000013
291.4868469238281,2019-07-15,7.255999999999993
290.54681396484375,2019-07-16,-14.580699999999995
288.569580078125,2019-07-17,0.25629999999999975
288.7246398925781,2019-07-22,0.4829000000000001
290.7890930175781,2019-07-23,10.092999999999998
292.1556396484375,2019-07-24,3.800100000000006
290.760009765625,2019-07-25,-10.447599999999998
292.7080383300781,2019-07-26,3.3076000000000003
291.45782470703125,2019-07-30,9.7675
288.2691650390625,2019-07-31,-11.192400000000001
284.57647705078125,2019-08-08,6.9225
282.6380615234375,2019-08-09,-9.6353
275.8827819824219,2019-08-15,-8.018699999999999
283.32623291015625,2019-08-19,-0.6644999999999988
281.15521240234375,2019-08-20,-17.482999999999993
283.35528564453125,2019-08-22,-0.9464999999999998
279.1296081542969,2019-08-26,-0.6226000000000049
279.9922180175781,2019-08-28,-9.36599999999999
281.7851867675781,2019-09-03,-14.563999999999993
284.98358154296875,2019-09-04,2.0070999999999986
288.6471252441406,2019-09-05,8.816899999999997
288.8700866699219,2019-09-06,-17.568499999999997
288.94757080078125,2019-09-10,-5.881599999999999
291.0022888183594,2019-09-11,6.673200000000009
291.8164367675781,2019-09-13,-32.268899999999974
291.65167236328125,2019-09-17,-18.169399999999992
291.82611083984375,2019-09-18,-12.134300000000003
291.80670166015625,2019-09-19,-2.409899999999997
290.4280090332031,2019-09-20,-11.442899999999995
290.3598327636719,2019-09-23,0.8350000000000051
289.18170166015625,2019-09-26,-11.7381
286.6014709472656,2019-10-04,-5.685899999999993
280.9346618652344,2019-10-08,-0.24820000000000397
285.5206298828125,2019-10-10,-18.43169999999999
288.4806213378906,2019-10-11,7.437100000000007
290.54486083984375,2019-10-16,-21.812099999999987
290.12615966796875,2019-10-18,-1.1716000000000009
293.6606140136719,2019-10-25,-13.075600000000014
295.2281799316406,2019-10-29,6.527999999999998
298.9476623535156,2019-11-05,-11.882800000000001
299.01580810546875,2019-11-06,3.8782000000000014
300.0674133300781,2019-11-07,-3.1828999999999956
300.9631652832031,2019-11-13,-8.039399999999997
303.5823669433594,2019-11-15,-4.233800000000003
303.8062744140625,2019-11-18,8.33970000000001
303.71868896484375,2019-11-19,3.3579000000000003
302.5892333984375,2019-11-20,-13.192900000000002
302.10235595703125,2019-11-21,-12.885599999999993
302.77423095703125,2019-11-22,-2.9748999999999954
306.0360107421875,2019-11-29,11.481800000000007
305.27655029296875,2019-12-10,-12.485000000000001
308.78179931640625,2019-12-12,10.7559
314.3018493652344,2019-12-23,6.686699999999995
314.3116455078125,2019-12-24,15.121400000000001
315.98480224609375,2019-12-26,-4.7662999999999975
315.906494140625,2019-12-27,-0.5332000000000002
314.92803955078125,2019-12-31,4.864699999999999
317.8731994628906,2020-01-02,12.792900000000012
315.4662170410156,2020-01-03,-18.707099999999993
316.66973876953125,2020-01-06,2.820900000000001
317.4623107910156,2020-01-08,-7.649300000000004
320.3976745605469,2020-01-14,12.553700000000003
321.1217041015625,2020-01-15,21.6533
323.7929382324219,2020-01-16,4.9303000000000035
324.80078125,2020-01-17,12.139
324.1647644042969,2020-01-21,-1.3872000000000009
324.5757141113281,2020-01-23,-11.505600000000003
321.689208984375,2020-01-24,-27.87580000000001
319.8497314453125,2020-01-28,5.581699999999996
320.6227111816406,2020-01-30,-24.12139999999998
314.8008728027344,2020-01-31,-20.695400000000017
321.97296142578125,2020-02-04,-4.858499999999995
325.6911315917969,2020-02-05,-5.604300000000003
327.4719543457031,2020-02-10,7.412900000000002
330.1529541015625,2020-02-12,4.719099999999999
330.3290710449219,2020-02-14,-8.931299999999998
329.477783203125,2020-02-18,4.397799999999997
331.0530700683594,2020-02-19,3.7677000000000014
315.4759826660156,2020-02-24,-30.242000000000008
304.79119873046875,2020-02-26,-22.063399999999994
291.1025085449219,2020-02-27,-31.168000000000017
293.773681640625,2020-03-03,-40.40860000000002
291.0535583496094,2020-03-06,-3.824899999999999
282.2082824707031,2020-03-10,-9.290799999999988
268.4510803222656,2020-03-11,-27.30010000000001
242.76641845703125,2020-03-12,-9.237699999999993
263.51959228515625,2020-03-13,-4.1749999999999945
234.684326171875,2020-03-16,-1.8745999999999978
219.43106079101562,2020-03-23,-30.093199999999975
257.5202331542969,2020-03-30,-40.03810000000001
253.6818084716797,2020-03-31,-21.034199999999988
242.264892578125,2020-04-01,-8.118399999999994
247.85525512695312,2020-04-02,-30.02039999999999
260.6795654296875,2020-04-06,-16.872299999999996
271.3091125488281,2020-04-13,-7.963499999999998
279.3108215332031,2020-04-14,-25.339999999999993
273.3759765625,2020-04-15,-14.36469999999999
274.69482421875,2020-04-16,-19.739699999999985
282.11578369140625,2020-04-17,-8.714299999999998
277.1455078125,2020-04-20,1.1880000000000024
268.73046875,2020-04-21,-7.471900000000005
278.5037536621094,2020-04-24,-21.392500000000016
282.51934814453125,2020-04-27,-11.57049999999999
281.2201843261719,2020-04-28,-20.695199999999982
285.8952331542969,2020-04-30,-14.544499999999983
279.09429931640625,2020-05-04,-11.933299999999985
281.67291259765625,2020-05-05,-23.616299999999985
283.139404296875,2020-05-07,-21.963100000000008
287.82427978515625,2020-05-08,-18.24919999999999
282.1453552246094,2020-05-12,4.500499999999998
277.1553649902344,2020-05-13,-18.996500000000015
280.4721984863281,2020-05-14,-30.306899999999995
290.3438415527344,2020-05-18,12.264500000000009
287.3616638183594,2020-05-19,6.1940000000000115
292.243408203125,2020-05-20,-13.164099999999983
290.22576904296875,2020-05-21,-23.1556
290.7769470214844,2020-05-22,-16.672399999999993
294.35943603515625,2020-05-26,0.1784000000000046
298.7392272949219,2020-05-27,-5.3402
298.1880798339844,2020-05-28,-26.014699999999987
300.7273254394531,2020-06-01,13.711499999999997
303.2173767089844,2020-06-02,9.108899999999998
307.2527160644531,2020-06-03,-9.0337
306.44561767578125,2020-06-04,4.8628
314.2996520996094,2020-06-05,15.62189999999999
318.0987854003906,2020-06-08,18.09620000000001
315.726806640625,2020-06-09,-1.0704000000000027
313.9650573730469,2020-06-10,-21.178100000000008
295.8653259277344,2020-06-11,-12.100700000000003
299.40850830078125,2020-06-12,-9.850100000000007
308.0203857421875,2020-06-16,-0.11360000000000037
305.1053466796875,2020-06-19,-16.86759999999999
308.47625732421875,2020-06-23,-1.799799999999995
300.6074523925781,2020-06-24,-5.822800000000003
304.8285217285156,2020-06-30,-23.427100000000017
310.1864929199219,2020-07-07,2.3610000000000024
312.5589599609375,2020-07-08,-3.6198
310.7795715332031,2020-07-09,12.0096
313.9528503417969,2020-07-10,-1.8888999999999947
311.23431396484375,2020-07-13,3.579300000000002
315.26763916015625,2020-07-14,-15.156100000000007
318.1640625,2020-07-15,10.103100000000005
317.1162109375,2020-07-16,-26.60749999999999
318.0355224609375,2020-07-17,-7.902000000000003
320.60577392578125,2020-07-20,13.147800000000004
321.2878723144531,2020-07-21,-6.4068999999999985
323.1166687011719,2020-07-22,11.891399999999999
319.2613220214844,2020-07-23,-21.395799999999998
317.2051696777344,2020-07-24,-3.0269999999999935
317.4918518066406,2020-07-28,-12.718899999999993
321.3966064453125,2020-07-29,-0.5644000000000016
320.2498779296875,2020-07-30,-20.793099999999995
322.7805480957031,2020-07-31,-1.5284999999999997
326.280029296875,2020-08-04,10.284299999999996
328.3065185546875,2020-08-05,-12.666400000000003
330.5011291503906,2020-08-06,2.3987000000000074
330.7384033203125,2020-08-07,0.5811000000000021
331.7269287109375,2020-08-10,-14.56989999999999
328.9886474609375,2020-08-11,0.6785999999999985
333.5755310058594,2020-08-12,5.957300000000001
332.9724426269531,2020-08-13,-1.366000000000002
332.98236083984375,2020-08-14,-22.116100000000017
334.0401306152344,2020-08-17,7.3997000000000055
334.76177978515625,2020-08-18,12.492599999999998
333.367919921875,2020-08-19,-6.574099999999999
334.4059143066406,2020-08-20,2.7580999999999993
335.5921325683594,2020-08-21,15.965300000000004
338.9927673339844,2020-08-24,13.773000000000005
340.17901611328125,2020-08-25,0.9705
343.5895080566406,2020-08-26,3.3361000000000027
344.34075927734375,2020-08-27,-9.745199999999992
346.5650329589844,2020-08-28,-11.010999999999996
345.3095703125,2020-08-31,18.999100000000002
348.5618896484375,2020-09-01,-1.7411999999999963
353.6034851074219,2020-09-02,11.777099999999997
341.4344787597656,2020-09-03,9.336200000000003
338.646728515625,2020-09-04,-18.03880000000001
329.3939208984375,2020-09-08,-35.92569999999998
335.8985900878906,2020-09-09,-17.025799999999993
330.066162109375,2020-09-10,-12.579700000000011
330.23419189453125,2020-09-11,-32.11669999999999
334.58380126953125,2020-09-14,-13.040999999999997
336.2742614746094,2020-09-15,-0.23979999999999868
334.939697265625,2020-09-16,-3.4280000000000097
331.99383544921875,2020-09-17,-13.375599999999999
328.17169189453125,2020-09-18,-11.788299999999989
324.519287109375,2020-09-21,-19.845300000000016
320.22174072265625,2020-09-23,-14.3161
321.0752868652344,2020-09-24,-9.958599999999997
326.2660827636719,2020-09-25,-17.864900000000006
331.6851806640625,2020-09-28,-4.263599999999995
329.8787841796875,2020-09-29,-0.3884999999999982
332.37994384765625,2020-09-30,-6.808799999999999
334.5137939453125,2020-10-01,-11.747299999999996
331.3377990722656,2020-10-02,3.985900000000001
337.2134094238281,2020-10-05,0.9329000000000032
332.41961669921875,2020-10-06,-18.7466
338.2059326171875,2020-10-07,-17.255000000000006
341.2032775878906,2020-10-08,-20.36699999999999
344.2502746582031,2020-10-09,11.228599999999998
349.7884521484375,2020-10-12,21.382700000000018
347.5057067871094,2020-10-13,-16.836699999999997
345.3221740722656,2020-10-14,10.911799999999998
344.8954162597656,2020-10-15,-2.4281999999999986
344.6869812011719,2020-10-16,-17.768200000000004
342.0270690917969,2020-10-22,-20.05539999999999
343.18829345703125,2020-10-23,-6.632599999999998
336.8462219238281,2020-10-26,-14.52929999999999
335.6849365234375,2020-10-27,-7.051699999999997
324.21160888671875,2020-10-28,-11.12339999999999
327.5067138671875,2020-10-29,-1.8874999999999984
324.0924987792969,2020-10-30,-25.06870000000001
327.72509765625,2020-11-02,-6.7086
333.5113830566406,2020-11-03,7.544000000000013
340.965087890625,2020-11-04,-15.118399999999998
351.9024963378906,2020-11-09,10.440999999999994
351.3863830566406,2020-11-10,-20.798600000000004
353.9966735839844,2020-11-11,-2.4921999999999946
350.5625915527344,2020-11-12,20.693900000000006
355.41595458984375,2020-11-13,13.731300000000001
359.85247802734375,2020-11-16,17.4882
357.91705322265625,2020-11-17,19.155999999999995
353.6095886230469,2020-11-18,14.162200000000007
355.0983581542969,2020-11-19,24.806199999999997
352.6667175292969,2020-11-20,9.584100000000012
354.7807312011719,2020-11-23,14.25629999999999
360.49755859375,2020-11-24,20.054600000000004
359.9417724609375,2020-11-25,23.129100000000008
360.9442138671875,2020-11-27,-7.541599999999997
359.3462829589844,2020-11-30,-0.4425000000000018
363.2765808105469,2020-12-01,6.256099999999998
364.04083251953125,2020-12-02,-12.460799999999994
363.94158935546875,2020-12-03,-0.5738999999999982
367.077880859375,2020-12-04,3.1443999999999916
366.3235778808594,2020-12-07,20.36080000000001
367.3955078125,2020-12-08,18.3709
364.1003723144531,2020-12-09,-0.0328999999999976
363.98126220703125,2020-12-10,10.654800000000009
363.5544738769531,2020-12-11,-10.577799999999996
361.9267883300781,2020-12-14,5.193899999999997
366.81982421875,2020-12-15,18.660099999999993
367.3955078125,2020-12-16,2.7643000000000044
369.4499816894531,2020-12-17,11.282100000000007
367.97479248046875,2020-12-18,-4.774399999999999
366.6590881347656,2020-12-21,11.499700000000006
366.0411071777344,2020-12-22,24.338999999999995
366.37005615234375,2020-12-23,19.858500000000006
367.7953796386719,2020-12-24,18.329399999999996
370.7756042480469,2020-12-30,16.044500000000014
372.6594543457031,2020-12-31,-2.863800000000003
367.5860900878906,2021-01-04,0.0
367.5860900878906,2021-01-04,-4.923699999999999
370.1177673339844,2021-01-05,2.6824999999999983
372.33050537109375,2021-01-06,4.985000000000001
377.8624267578125,2021-01-07,12.995699999999992
380.015380859375,2021-01-08,0.0
380.015380859375,2021-01-08,-1.7680000000000002
377.4537658691406,2021-01-11,10.889899999999997
377.5334777832031,2021-01-12,0.0
377.5334777832031,2021-01-12,15.309699999999996
378.5501708984375,2021-01-13,46.817999999999984
377.2244873046875,2021-01-14,31.773799999999998
374.4735107421875,2021-01-15,16.106899999999992
377.41387939453125,2021-01-19,25.603200000000005
382.63677978515625,2021-01-20,23.87129999999999
382.9856262207031,2021-01-21,22.736700000000003
381.63006591796875,2021-01-22,30.063499999999998
383.1351623535156,2021-01-25,17.8324
382.537109375,2021-01-26,4.035899999999998
373.1877136230469,2021-01-27,-6.078
376.397216796875,2021-01-28,-21.335899999999988
376.397216796875,2021-01-28,-7.9909
376.397216796875,2021-01-28,-20.657400000000003
376.397216796875,2021-01-28,-8.564300000000006
376.397216796875,2021-01-28,7.855099999999995
368.8619079589844,2021-01-29,35.98229999999996
368.8619079589844,2021-01-29,-39.98590000000003
368.8619079589844,2021-01-29,28.738100000000003
368.8619079589844,2021-01-29,1.6322999999999972
375.0018005371094,2021-02-01,1.1615000000000029
375.0018005371094,2021-02-01,31.37650000000001
380.3044128417969,2021-02-02,13.969900000000006
380.3044128417969,2021-02-02,-18.529900000000005
380.3044128417969,2021-02-02,20.1696
380.6034240722656,2021-02-03,25.09119999999999
388.97601318359375,2021-02-09,32.055800000000005
388.8065490722656,2021-02-10,0.9400999999999989
389.43450927734375,2021-02-11,23.957699999999996
391.35821533203125,2021-02-12,-3.892999999999998
391.0193176269531,2021-02-16,-9.254199999999997
389.4444885253906,2021-02-18,-9.729599999999996
388.7567138671875,2021-02-19,11.1392
385.7665100097656,2021-02-22,-12.630800000000002
386.2349853515625,2021-02-23,1.4730000000000012
390.49102783203125,2021-02-24,5.728200000000006
381.08184814453125,2021-02-25,-4.283599999999998
379.1182861328125,2021-02-26,18.014799999999994
380.1748352050781,2021-03-03,2.2636000000000016
375.4702453613281,2021-03-04,-2.3114
382.37762451171875,2021-03-05,-3.3091999999999984
385.90606689453125,2021-03-09,27.300499999999996
388.3081970214844,2021-03-10,6.939099999999997
392.24530029296875,2021-03-11,32.5133
392.7735595703125,2021-03-12,23.675400000000003
395.11590576171875,2021-03-15,42.39199999999997
394.6175231933594,2021-03-16,-5.600799999999995
395.963134765625,2021-03-17,-9.3048
395.7799987792969,2021-03-29,-13.327600000000002
394.7300109863281,2021-03-30,-17.260400000000008
396.3299865722656,2021-03-31,15.986600000000019
400.6099853515625,2021-04-01,1.5042999999999982
406.3599853515625,2021-04-05,7.540800000000002
406.1199951171875,2021-04-06,3.978000000000001
406.5899963378906,2021-04-07,-23.674399999999995
408.5199890136719,2021-04-08,-8.181199999999993
411.489990234375,2021-04-09,8.735999999999997
411.45001220703125,2021-04-14,-8.333400000000003
415.8699951171875,2021-04-15,-33.19230000000004
417.260009765625,2021-04-16,-30.007600000000014
415.2099914550781,2021-04-19,13.052899999999998
412.1700134277344,2021-04-20,-12.423
416.07000732421875,2021-04-21,-0.3501999999999993
412.2699890136719,2021-04-22,-0.4537999999999977
416.739990234375,2021-04-23,24.86299999999998
417.6099853515625,2021-04-26,37.511599999999994
417.5199890136719,2021-04-27,36.139
417.3999938964844,2021-04-28,21.286899999999985
420.05999755859375,2021-04-29,-6.9818
417.29998779296875,2021-04-30,2.942000000000009
418.20001220703125,2021-05-03,-20.881899999999995
415.6199951171875,2021-05-04,-28.30999999999998
415.75,2021-05-05,-18.259600000000002
419.07000732421875,2021-05-06,-33.82800000000001
422.1199951171875,2021-05-07,-10.164899999999992
417.94000244140625,2021-05-10,-26.946099999999984
414.2099914550781,2021-05-11,-5.624000000000002
405.4100036621094,2021-05-12,-32.294300000000014
410.2799987792969,2021-05-13,-0.21950000000000247
416.5799865722656,2021-05-14,11.081100000000001
