Polarity,Term
0.3558855555555555,A
0.0,AAPL
0.9017375,AI
0.9985,ALK
-0.34,ALL
-0.4212333333333333,AM
0.9774,AMAT
0.16449545454545456,AMC
0.46177500000000005,AMD
0.979,AMR
0.9985,AN
0.987,ANY
0.9489,API
0.9969,AR
0.3447,ARE
-0.38349999999999995,ASTS
-0.10474000000000001,AT
0.51964,ATH
0.9899,AVGO
0.9653,AVXL
-0.9064,B
0.49266000000000004,BA
-0.14443333333333333,BABA
-0.971,BB
-0.9774,BIG
0.9766,BP
-0.9155,BYD
-0.9064,C
-0.007000000000000006,CAN
0.9748,CBOE
0.0,CC
0.7269,CELH
0.9936000000000001,CLF
0.9953,CLSK
0.9993,CMA
0.9965,CMS
0.5809142857142857,COIN
0.4644,CPE
0.9936,CPRI
0.9489,CRM
0.9924,CRSP
-0.1045,D
-0.8456,DASH
0.35737948717948714,DD
0.36317727272727274,DM
0.8792,DOCU
-0.7746,DOW
0.928725,E
0.9969,EFT
-0.9493,EL
0.9973,ELF
-0.9057,ET
0.9953,ETH
0.006316666666666674,F
0.0,FDX
0.9731,FICO
-0.3184,FLEX
0.2128,FMC
0.9783,FOR
0.9233,FREE
-0.5543,FSD
0.1489,FUBO
-0.5725142857142858,GDP
-0.7177888888888888,GE
0.694,GL
-0.08592307692307694,GME
0.4404,GOLD
0.9853,HAS
-0.8988,HE
0.9899,HUGE
-0.8605,IBKR
-0.2716,IEP
0.9991,IGT
0.0516,III
0.891,INTC
0.9631,IP
0.9993,IRBT
-0.1318375,IT
0.9985,JBLU
0.8627,JNJ
0.9729,JP
0.69665,JPM
0.9484,KB
-0.3184,L
0.9774,LLY
-0.9854,LNG
0.9942,LOVE
-0.8456,LULU
0.38083870967741934,MARA
-0.9324,MAX
0.5789,MD
0.9993,MGM
0.9769,MMT
0.8959,MPW
0.40171666666666667,MSFT
0.9982,MSM
0.128,MSTR
-0.8456,MTCH
0.9969,MTDR
-0.5033,MVIS
-0.9774,NEXT
-0.12133636363636363,NIO
-0.1027,NKE
0.9942,NOK
0.9704,NOV
-0.91,NOW
0.33676000000000006,NVDA
0.9774,NVO
0.9577,OG
0.51135,OI
-0.3703111111111111,ON
0.64612,ONE
0.987,OR
0.9899,ORCL
0.9076,OUT
0.4644,OXY
0.5848,PDD
-0.8456,PLNT
0.001233802816901415,PLTR
-0.2716,PLUG
0.9853000000000001,PM
0.49495,PT
0.7187625,PYPL
-0.2716,QS
-0.9573,RE
-0.7742,REAL
0.9827666666666667,RH
-0.16970000000000002,RIOT
0.987225,RSI
0.9985,SAVE
0.9853,SEE
-0.4213,SGA
-0.91,SHIP
-0.4404,SMCI
0.1531,SNAP
-0.9493,SO
0.07716000000000003,SPCE
0.9993,SQ
0.8653,SSB
-0.9854,STNG
-0.5731,T
0.55244,TA
0.8702,TD
0.9009,TDOC
0.9748,TECH
-0.9671,TNK
0.9936000000000001,TPR
0.009342857142857134,TSLA
-0.16813333333333333,TTM
0.9978,TTWO
-0.2716,TU
-0.8421000000000001,TURN
0.309975,TV
0.6714,TX
-0.5863,U
0.9766,UAL
0.9918333333333332,UK
0.788775,UPS
0.9311000000000001,UPST
-0.8035249999999999,USA
0.9637,UUUU
0.0,V
0.4939,VIEW
0.9718,VKTX
-0.8702,WBA
0.9923,WFG
0.987,WOW
0.8841,WTI
0.9133714285714286,X
0.9969,XOM
0.9731,Y
0.07579999999999998,Z
0.25555652173913046,ZIM
0.9009,ZM
