spy,date,sent,fourier 25,sent_smooth,year,month,week,weekday,return %
269.11572265625,2018-08-10,-9.881200000000003,(-12.354836451981537+0.7836860343392514j),-12.354836451981537,2018,Aug,32,Friday,
267.8042297363281,2018-08-15,-17.070099999999996,(-9.707921625477068+0.4041492325989481j),-9.707921625477068,2018,Aug,33,Wednesday,0.48972076401225806
271.5013427734375,2018-08-20,-0.7095000000000001,(-6.893141623560595-0.01724041502374874j),-6.893141623560595,2018,Aug,34,Monday,-1.361729190486749
271.6153564453125,2018-08-23,5.141799999999999,(-4.1205118442634605-0.43684468146856315j),-4.1205118442634605,2018,Aug,34,Thursday,-0.04197615089482909
275.40740966796875,2018-08-27,-3.4124000000000017,(-1.5825509256564654-0.8112102300010022j),-1.5825509256564654,2018,Aug,35,Monday,-1.3768885983234669
275.5404968261719,2018-08-28,5.113400000000002,(0.5605447421344271-1.1015685505198607j),0.5605447421344271,2018,Aug,35,Tuesday,-0.04830039857519619
277.0231018066406,2018-08-29,6.743399999999999,(2.1920264496195783-1.2778507450559433j),2.1920264496195783,2018,Aug,35,Wednesday,-0.5351918200322436
275.4359436035156,2018-09-04,9.861600000000008,(3.245191053985547-1.3218013997061138j),3.245191053985547,2018,Sep,36,Tuesday,0.5762349613344986
274.6946105957031,2018-09-05,-19.39230000000001,(3.7050803384632403-1.2288690769637975j),3.7050803384632403,2018,Sep,36,Wednesday,0.2698753376358054
273.3355407714844,2018-09-07,-8.909599999999992,(3.6053854415263795-1.008677653029912j),3.6053854415263795,2018,Sep,36,Friday,0.4972166518787846
273.81072998046875,2018-09-10,-6.388599999999995,(3.0211069051099844-0.6840296894020149j),3.0211069051099844,2018,Sep,37,Monday,-0.17354659878313639
274.7135925292969,2018-09-11,1.0556999999999983,(2.0578984854712146-0.2885450474871824j),2.0578984854712146,2018,Sep,37,Tuesday,-0.3286559432736591
274.7801818847656,2018-09-12,-2.004800000000001,(0.8392972313263113+0.1368207136492565j),0.8392972313263113,2018,Sep,37,Wednesday,-0.024233681997010148
276.40533447265625,2018-09-13,1.1643,(-0.5068094991453341+0.548017608980711j),-0.5068094991453341,2018,Sep,37,Thursday,-0.5879599216097597
276.45281982421875,2018-09-14,4.1632,(-1.8611175548338807+0.9024629514711195j),-1.8611175548338807,2018,Sep,37,Friday,-0.01717665661457035
276.4813842773437,2018-09-18,-15.260699999999993,(-3.123998601200349+1.1634511257278997j),-3.123998601200349,2018,Sep,38,Tuesday,-0.010331420033793393
279.0189819335937,2018-09-20,5.565199999999994,(-4.223748240352748+1.303954744456384j),-4.223748240352748,2018,Sep,38,Thursday,-0.9094713336936899
278.7640075683594,2018-09-21,-7.678099999999997,(-5.121313620294043+1.3094235479350624j),-5.121313620294043,2018,Sep,38,Friday,0.09146602800642611
277.8379821777344,2018-09-24,7.044400000000001,(-5.811206732595005+1.1792911983592513j),-5.811206732595005,2018,Sep,39,Monday,0.333296903240754
277.5802307128906,2018-09-25,12.7277,(-6.31870708886834+0.9270339285949354j),-6.31870708886834,2018,Sep,39,Tuesday,0.09285656409383503
276.7496337890625,2018-09-26,-11.054000000000002,(-6.693830459150827+0.5787749718009773j),-6.693830459150827,2018,Sep,39,Wednesday,0.30012575353981497
277.5228881835937,2018-09-27,-2.3003,(-7.002852610239697+0.17057929425760646j),-7.002852610239697,2018,Sep,39,Thursday,-0.2786272511042909
277.55157470703125,2018-09-28,0.6464999999999996,(-7.3183992600108265-0.2552812168111971j),-7.3183992600108265,2018,Sep,39,Friday,-0.010335565009078618
278.3534851074219,2018-10-02,-10.328299999999988,(-7.709226227915887-0.6547053411147419j),-7.709226227915887,2018,Oct,40,Tuesday,-0.2880906628782265
278.5062561035156,2018-10-03,-19.25369999999998,(-8.230808862891562-0.9863295550637653j),-8.230808862891562,2018,Oct,40,Wednesday,-0.054853703550905575
276.3295288085937,2018-10-04,-18.348399999999984,(-8.917741031056774-1.2158115514169006j),-8.917741031056774,2018,Oct,40,Thursday,0.7877288049188857
274.78289794921875,2018-10-05,-10.859000000000002,(-9.778726261041957-1.31938665650549j),-9.778726261041957,2018,Oct,40,Friday,0.5628555746801878
274.78289794921875,2018-10-08,-21.8836,(-10.794651582357211-1.2863288499368901j),-10.794651582357211,2018,Oct,41,Monday,0.0
274.3819274902344,2018-10-09,-23.19449999999999,(-11.919899496684613-1.1200615287435125j),-11.919899496684613,2018,Oct,41,Tuesday,0.14613588535223876
259.841796875,2018-10-11,-14.275899999999982,(-13.086710301022242-0.8378029875746633j),-13.086710301022242,2018,Oct,41,Thursday,5.595762802636828
263.4505920410156,2018-10-12,-3.088299999999997,(-14.21209055029116-0.4687833282582316j),-14.21209055029116,2018,Oct,41,Friday,-1.369818582701754
267.6989440917969,2018-10-16,7.599900000000002,(-15.206505248810036-0.05121745183368533j),-15.206505248810036,2018,Oct,42,Tuesday,-1.5869887216755085
267.7467346191406,2018-10-17,-4.946099999999997,(-15.983416306923369+0.37165239635470876j),-15.983416306923369,2018,Oct,42,Wednesday,-0.01784915413132193
263.8801574707031,2018-10-18,-43.69810000000004,(-16.4686539253269+0.7560347027842576j),-16.4686539253269,2018,Oct,42,Thursday,1.4652777175437226
263.7370300292969,2018-10-19,-21.308799999999984,(-16.60863661739494+1.0621236429394458j),-16.60863661739494,2018,Oct,42,Friday,0.05426899718645739
262.5531311035156,2018-10-22,-2.672700000000003,(-16.37658463778091+1.2582212889132012j),-16.37658463778091,2018,Oct,43,Monday,0.4509178469155106
261.2165832519531,2018-10-23,-24.336799999999997,(-15.776085795684029+1.3240201802606262j),-15.776085795684029,2018,Oct,43,Tuesday,0.5116627110436367
253.30206298828125,2018-10-24,-19.513800000000018,(-14.84164887179486+1.2527063219604049j),-14.84164887179486,2018,Oct,43,Wednesday,3.1245384148482103
257.8464660644531,2018-10-25,-13.904199999999994,(-13.636189216855133+1.0516648274309774j),-13.636189216855133,2018,Oct,43,Thursday,-1.7624453596489897
251.90821838378903,2018-10-29,-9.24179999999999,(-12.245701885847641+0.7417151316924155j),-12.245701885847641,2018,Oct,44,Monday,2.3573060532773082
255.64105224609372,2018-10-30,-11.530599999999993,(-10.771658586250389+0.3549549743930711j),-10.771658586250389,2018,Oct,44,Tuesday,-1.4601856116251866
258.3715515136719,2018-10-31,-5.936299999999998,(-9.321888071201352-0.06856357470855359j),-9.321888071201352,2018,Oct,44,Wednesday,-1.056811112361833
261.0065612792969,2018-11-05,-0.796800000000003,(-8.0008439198388-0.48498182398535655j),-8.0008439198388,2018,Nov,45,Monday,-1.0095569064278553
262.6581726074219,2018-11-06,5.1905,(-6.900215728241294-0.8511763739506668j),-6.900215728241294,2018,Nov,45,Tuesday,-0.6288063728340787
268.2814025878906,2018-11-07,12.2238,(-6.090795840396721-1.1292248859571614j),-6.090795840396721,2018,Nov,45,Wednesday,-2.0960193014596062
265.1786193847656,2018-11-09,-21.611500000000007,(-5.616379780192169-1.2903332399566572j),-5.616379780192169,2018,Nov,45,Friday,1.1700729155026401
259.73681640625,2018-11-13,0.6926000000000068,(-5.490269284737375-1.317817393109468j),-5.490269284737375,2018,Nov,46,Tuesday,2.0951219214160988
260.6533203125,2018-11-15,-16.54390000000001,(-5.694684314871961-1.2088311442271926j),-5.694684314871961,2018,Nov,46,Thursday,-0.3516179671723352
261.3311462402344,2018-11-16,-16.538199999999993,(-6.183101578054876-0.9746608803912545j),-6.183101578054876,2018,Nov,46,Friday,-0.25937433692319045
252.15643310546875,2018-11-20,-30.1277,(-6.885251034534231-0.6395567824062551j),-6.885251034534231,2018,Nov,47,Tuesday,3.6385005219867317
253.01565551757807,2018-11-21,-17.0355,(-7.714246870805493-0.23822152699715607j),-7.714246870805493,2018,Nov,47,Wednesday,-0.3395925877992312
251.32583618164065,2018-11-23,-12.274799999999995,(-8.575130221484612+0.18778344952254358j),-8.575130221484612,2018,Nov,47,Friday,0.672361967082491
256.2425537109375,2018-11-27,2.717999999999998,(-9.373976221372391+0.594341966323413j),-9.373976221372391,2018,Nov,48,Tuesday,-1.9187747929031773
261.56982421875,2018-11-29,-1.1704999999999923,(-10.026678754702216+0.9393516771102027j),-10.026678754702216,2018,Nov,48,Thursday,-2.036653319519499
263.1641845703125,2018-11-30,-3.502299999999998,(-10.46657483328753+1.187084100696316j),-10.46657483328753,2018,Nov,48,Friday,-0.6058424531308226
266.6488037109375,2018-12-03,-3.2633999999999985,(-10.650200423969912+1.3118845874916794j),-10.650200423969912,2018,Dec,49,Monday,-1.3068197164696538
251.6313323974609,2018-12-07,9.1116,(-10.560666360976+1.300829061143843j),-10.560666360976,2018,Dec,49,Friday,5.9680450643387895
252.10870361328125,2018-12-10,-21.998000000000008,(-10.208385965653884+1.1550624087466383j),-10.208385965653884,2018,Dec,50,Monday,-0.18935134288445843
252.16595458984372,2018-12-11,-11.67929999999999,(-9.62915022982617+0.8896799187368153j),-9.62915022982617,2018,Dec,50,Tuesday,-0.02270368997892014
253.43572998046875,2018-12-12,-5.624500000000001,(-8.879805365914168+0.5321640445211077j),-8.879805365914168,2018,Dec,50,Wednesday,-0.5010246150859987
243.79324340820312,2018-12-17,-15.401600000000002,(-8.03201571579435+0.11953837930996711j),-8.03201571579435,2018,Dec,51,Monday,3.95519024131461
243.52590942382807,2018-12-18,1.136500000000001,(-7.164770545564598-0.30546642945198343j),-7.164770545564598,2018,Dec,51,Tuesday,0.10977640326137461
239.87893676757807,2018-12-19,-12.979699999999998,(-6.3563999224813115-0.6988377762081153j),-6.3563999224813115,2018,Dec,51,Wednesday,1.5203388448330468
231.13919067382807,2018-12-21,-5.686899999999996,(-5.6768936420723435-1.019838950302167j),-5.6768936420723435,2018,Dec,51,Friday,3.781161501981334
225.03179931640625,2018-12-24,6.029299999999998,(-5.181266949714476-1.235227744193548j),-5.181266949714476,2018,Dec,52,Monday,2.7140125866542686
236.40151977539065,2018-12-26,-20.0527,(-4.904594361295785-1.3226989466671748j),-4.904594361295785,2018,Dec,52,Wednesday,-4.809495501461658
237.9091644287109,2018-12-28,-15.862300000000005,(-4.859152047820807-1.2731942236697258j),-4.859152047820807,2018,Dec,52,Friday,-0.6337060015912166
240.2426300048828,2019-01-02,-14.7503,(-5.033889333736032-1.0918401803632114j),-5.033889333736032,2019,Jan,01,Wednesday,-0.9712953842223926
234.509765625,2019-01-03,1.9986,(-5.396213654943446-0.797417460659394j),-5.396213654943446,2019,Jan,01,Thursday,2.4446164809401205
242.3648681640625,2019-01-04,-4.266999999999997,(-5.895844726917322-0.42041586317251944j),-5.895844726917322,2019,Jan,01,Friday,-3.2410235850458324
244.27581787109372,2019-01-07,-6.050499999999999,(-6.470295279420173+0.00012311830175666842j),-6.470295279420173,2019,Jan,02,Monday,-0.7822918059124606
246.57086181640625,2019-01-08,-3.495399999999998,(-7.051386578516957+0.42064934990323316j),-7.051386578516957,2019,Jan,02,Tuesday,-0.930784736041268
247.72320556640625,2019-01-09,3.1982,(-7.572120766439557+0.7976140181217587j),-7.572120766439557,2019,Jan,02,Wednesday,-0.46517392158124116
248.693115234375,2019-01-11,-7.7214,(-7.973215868956269+1.0919794534791567j),-7.973215868956269,2019,Jan,02,Friday,-0.39000262112389716
247.1758728027344,2019-01-14,-16.976600000000005,(-8.208663024573166+1.273261789607822j),-8.208663024573166,2019,Jan,03,Monday,0.6138311213131464
252.51499938964844,2019-01-17,-2.823699999999987,(-8.24978194017202+1.322687808440743j),-8.24978194017202,2019,Jan,03,Thursday,-2.114379977355474
255.87600708007807,2019-01-18,2.1758000000000064,(-8.08741649071452+1.2351390552539288j),-8.08741649071452,2019,Jan,03,Friday,-1.3135298337595969
252.94712829589844,2019-01-23,-7.597199999999996,(-7.732109804379244+1.0196818950897224j),-7.732109804379244,2019,Jan,04,Wednesday,1.1579015756816302
253.08154296875,2019-01-24,-6.0943000000000005,(-7.212306401236461+0.6986286190308536j),-7.212306401236461,2019,Jan,04,Thursday,-0.05311121122260065
255.22300720214844,2019-01-25,-17.113699999999984,(-6.570826671428507+0.3052268301879848j),-6.570826671428507,2019,Jan,04,Friday,-0.8390561089589799
253.28323364257807,2019-01-28,-22.165099999999992,(-5.860026439384776-0.11978360826403453j),-5.860026439384776,2019,Jan,05,Monday,0.7658515455893466
252.94712829589844,2019-01-29,0.4453999999999989,(-5.136175343354964-0.5323895077697101j),-5.136175343354964,2019,Jan,05,Tuesday,0.13287573136091524
261.157470703125,2019-02-04,15.2261,(-4.4536511386769835-0.8898622677793585j),-4.4536511386769835,2019,Feb,06,Monday,-3.1438282753778912
262.25225830078125,2019-02-05,-5.534999999999998,(-3.859547795982376-1.155182759899176j),-3.859547795982376,2019,Feb,06,Tuesday,-0.4174559276437617
261.90655517578125,2019-02-06,-4.476899999999997,(-3.3892348900187583-1.3008749510937332j),-3.3892348900187583,2019,Feb,06,Wednesday,0.13199483486312502
259.40985107421875,2019-02-07,-5.431799999999991,(-3.0632919408575376-1.3118512639720792j),-3.0632919408575376,2019,Feb,06,Thursday,0.9624553929712398
259.7267150878906,2019-02-08,-14.09719999999998,(-2.8860870454933347-1.1869750146209395j),-2.8860870454933347,2019,Feb,06,Friday,-0.12199900713510958
259.8707580566406,2019-02-11,-21.06199999999999,(-2.8460911483135423-0.939178125203954j),-2.8460911483135423,2019,Feb,07,Monday,-0.05542869456617305
263.2125244140625,2019-02-12,5.051400000000001,(-2.9178365257449785-0.5941219212572743j),-2.9178365257449785,2019,Feb,07,Tuesday,-1.2696076544461476
264.067138671875,2019-02-13,7.603299999999999,(-3.0652594712447345-0.18753969870149967j),-3.0652594712447345,2019,Feb,07,Wednesday,-0.3236352172067969
263.4814147949219,2019-02-14,-10.811099999999998,(-3.24602987126039+0.23846374124990571j),-3.24602987126039,2019,Feb,07,Thursday,0.22230178071915851
266.35260009765625,2019-02-15,20.905600000000003,(-3.416377894683526+0.6397723768913106j),-3.416377894683526,2019,Feb,07,Friday,-1.0779640603026497
266.8135681152344,2019-02-19,0.7996000000000014,(-3.5358890150158517+0.9748275285964525j),-3.5358890150158517,2019,Feb,08,Tuesday,-0.17276783217374803
267.351318359375,2019-02-20,-9.345299999999993,(-3.571755990417964+1.208931588414337j),-3.571755990417964,2019,Feb,08,Wednesday,-0.2011399260869795
266.40069580078125,2019-02-21,-19.926199999999994,(-3.5020472935753646+1.3178412314894514j),-3.5020472935753646,2019,Feb,08,Thursday,0.35683936775625646
268.0523376464844,2019-02-22,-0.3808999999999998,(-3.317667376167768+1.2902780038769088j),-3.317667376167768,2019,Feb,08,Friday,-0.6161639402978647
268.417236328125,2019-02-25,11.826200000000002,(-3.0228321122839468+1.129096295550111j),-3.0228321122839468,2019,Feb,09,Monday,-0.1359445789071989
268.2251892089844,2019-02-26,-16.62289999999998,(-2.6340467168192503+0.8509877457688519j),-2.6340467168192503,2019,Feb,09,Tuesday,0.0715992109864727
269.2815246582031,2019-03-01,-4.8984000000000005,(-2.177735895340028+0.4847526919671977j),-2.177735895340028,2019,Mar,09,Friday,-0.3922792143128073
268.302001953125,2019-03-04,4.884700000000003,(-1.6868198834227888+0.06831766728471346j),-1.6868198834227888,2019,Mar,10,Monday,0.3650821454732389
267.93707275390625,2019-03-05,-7.278400000000002,(-1.1966404789025311-0.35519219156614673j),-1.1966404789025311,2019,Mar,10,Tuesday,0.13619959174291374
267.380126953125,2019-03-11,2.500800000000001,(-0.7407069402435356-0.7419190929023983j),-0.7407069402435356,2019,Mar,11,Monday,0.20829738063474768
268.3883972167969,2019-03-12,-0.8900999999999981,(-0.3467462858576164-1.0518144108832437j),-0.3467462858576164,2019,Mar,11,Tuesday,-0.37567580198238915
269.9920349121094,2019-03-14,-8.975699999999998,(-0.03350504143100412-1.2527860371067396j),-0.03350504143100412,2019,Mar,11,Thursday,-0.593957409089696
271.3260192871094,2019-03-15,12.3693,(0.19133576010957865-1.3240217719678653j),0.19133576010957865,2019,Mar,11,Friday,-0.4916536860360643
272.309814453125,2019-03-18,8.008900000000006,(0.3318941998688225-1.2581445923474834j),0.3318941998688225,2019,Mar,12,Monday,-0.361277895176626
272.3773193359375,2019-03-19,10.014700000000014,(0.40338047072027866-1.061976600636067j),0.40338047072027866,2019,Mar,12,Tuesday,-0.024783591738508637
271.5574645996094,2019-03-20,-12.284499999999992,(0.43001834049108295-0.7558325421353891j),0.43001834049108295,2019,Mar,12,Wednesday,0.30190837785915026
274.6246643066406,2019-03-21,-11.375799999999998,(0.44181532692915687-0.37141605269264827j),0.44181532692915687,2019,Mar,12,Thursday,-1.1168697155352625
269.3391418457031,2019-03-22,3.345199999999998,(0.47053001557675445+0.05146350325557608j),0.47053001557675445,2019,Mar,12,Friday,1.9624041365533973
271.14276123046875,2019-03-26,0.5959000000000013,(0.5452768092894206+0.46901360687137167j),0.5452768092894206,2019,Mar,13,Tuesday,-0.6651917892185777
269.7248840332031,2019-03-27,-0.2281000000000003,(0.6882543607226497+0.8379936462094172j),0.6882543607226497,2019,Mar,13,Wednesday,0.5256753385390667
272.4544982910156,2019-03-29,-5.972100000000003,(0.911079174111885+1.120192823192022j),0.911079174111885,2019,Mar,13,Friday,-1.0018605950476656
275.8206481933594,2019-04-02,-5.610800000000004,(1.212150733570707+1.2863871836217653j),1.212150733570707,2019,Apr,14,Tuesday,-1.220412584914221
276.2546691894531,2019-04-03,11.217900000000004,(1.575374513340318+1.3193659885128106j),1.575374513340318,2019,Apr,14,Wednesday,-0.15710901733070326
276.9876708984375,2019-04-04,15.757799999999984,(1.9704343861270752+1.215714022080592j),1.9704343861270752,2019,Apr,14,Thursday,-0.2646333342588125
277.98114013671875,2019-04-11,-1.8281999999999967,(2.3546498119204164+0.9861652643170992j),2.3546498119204164,2019,Apr,15,Thursday,-0.3573872809474188
279.8619384765625,2019-04-16,8.633899999999995,(2.6762914335644106+0.6544913025624594j),2.6762914335644106,2019,Apr,16,Tuesday,-0.6720450626769514
279.7268981933594,2019-04-18,4.445200000000001,(2.879077547840759+0.2550395958363304j),2.879077547840759,2019,Apr,16,Thursday,0.048275758990401485
281.8584289550781,2019-04-24,-7.5348000000000015,(2.907448510399287-0.17082347589426433j),2.907448510399287,2019,Apr,17,Wednesday,-0.7562416244285775
281.6848449707031,2019-04-25,20.19099999999999,(2.7121290448736475-0.5789964271618752j),2.7121290448736475,2019,Apr,17,Thursday,0.06162347299623061
282.99658203125,2019-04-26,-4.4941,(2.255448431025651-0.9272097242279183j),2.255448431025651,2019,Apr,17,Friday,-0.4635169270002071
283.5848999023437,2019-04-30,-0.4465999999999996,(1.5158997642888328-1.17940312923771j),1.5158997642888328,2019,Apr,18,Tuesday,-0.207457403866107
281.453369140625,2019-05-01,-16.03269999999998,(0.49148100314734955-1.3094600227322517j),0.49148100314734955,2019,May,18,Wednesday,0.7573299862165372
280.8456726074219,2019-05-02,-6.722299999999999,(-0.7985334608913837-1.303911985918906j),-0.7985334608913837,2019,May,18,Thursday,0.21638094956606402
283.5945739746094,2019-05-03,7.294900000000005,(-2.3136015796332474-1.1633335618401082j),-2.3136015796332474,2019,May,18,Friday,-0.969306756706001
282.4275207519531,2019-05-06,-3.5750999999999977,(-3.993752268321056-0.9022827569023691j),-3.993752268321056,2019,May,19,Monday,0.4132222028324417
277.32525634765625,2019-05-08,6.288599999999999,(-5.763136382638429-0.5477934443021633j),-5.763136382638429,2019,May,19,Wednesday,1.8398123818555767
273.3418273925781,2019-05-14,-8.347299999999995,(-7.535015786127613-0.13657579288431165j),-7.535015786127613,2019,May,20,Tuesday,1.4573067697235542
274.9429016113281,2019-05-15,-38.25540000000002,(-9.21778441010647+0.28878536085839784j),-9.21778441010647,2019,May,20,Wednesday,-0.5823297162308116
277.4892272949219,2019-05-16,2.4853000000000023,(-10.72152058654186+0.6842405090313978j),-10.72152058654186,2019,May,20,Thursday,-0.9176304638620958
275.6951904296875,2019-05-17,3.729799999999997,(-11.964521153913624+1.0088371468793247j),-11.964521153913624,2019,May,20,Friday,0.6507320140181738
276.3414306640625,2019-05-21,-15.789300000000004,(-12.879269115276276+1.22896072818511j),-12.879269115276276,2019,May,21,Tuesday,-0.23385571711851405
272.74383544921875,2019-05-24,-15.164399999999995,(-13.417337425489986+1.3218157170912976j),-13.417337425489986,2019,May,21,Friday,1.3190381402822027
269.1269226074219,2019-05-30,-5.089800000000002,(-13.552826616837528+1.2777862459266516j),-13.552826616837528,2019,May,22,Thursday,1.3439431502261456
265.5003967285156,2019-05-31,-14.884700000000011,(-13.284064171647508+1.1014319142704867j),-13.284064171647508,2019,May,22,Friday,1.3659210771781005
272.9174499511719,2019-06-05,-29.161599999999986,(-12.633446408202854+0.8110156063946166j),-12.633446408202854,2019,Jun,23,Wednesday,-2.717691090834695
274.6921081542969,2019-06-06,-8.494499999999999,(-11.645464837256874+0.4366122253171686j),-11.645464837256874,2019,Jun,23,Thursday,-0.646053581607875
277.44097900390625,2019-06-07,-7.236800000000005,(-10.383113616293555+0.016994198998261774j),-10.383113616293555,2019,Jun,23,Friday,-0.9907948203897732
282.0224304199219,2019-06-18,1.6134999999999986,(-8.923008903268189-0.4043837108839374j),-8.923008903268189,2019,Jun,25,Tuesday,-1.6244989482552818
284.94482421875,2019-06-21,-9.1907,(-7.349652796157622-0.7838844928049171j),-7.349652796157622,2019,Jun,25,Friday,-1.0255998882733208
281.8045654296875,2019-06-25,-12.043999999999992,(-5.749335588122716-1.0822078426768778j),-5.749335588122716,2019,Jun,26,Tuesday,1.114339217419813
281.52349853515625,2019-06-26,-9.018199999999991,(-4.204185696419157-1.2684600208160497j),-4.204185696419157,2019,Jun,26,Wednesday,0.0998378096300101
283.9755859375,2019-06-28,-2.6548000000000043,(-2.786846578921865-1.3233531427526433j),-2.786846578921865,2019,Jun,26,Friday,-0.863485286683563
287.29998779296875,2019-07-02,-4.6276,(-1.5561882163861949-1.2412025920452552j),-1.5561882163861949,2019,Jul,27,Tuesday,-1.1571186901213282
289.4128112792969,2019-07-10,10.681700000000008,(-0.5543550530031397-1.0305157072227713j),-0.5543550530031397,2019,Jul,28,Wednesday,-0.7300379955499481
290.0912170410156,2019-07-11,-2.5301000000000013,(0.19467666826512553-0.7131107796703126j),0.19467666826512553,2019,Jul,28,Thursday,-0.23385946277126868
291.4868469238281,2019-07-15,7.255999999999993,(0.6849989291001403-0.3218575971881421j),0.6849989291001403,2019,Jul,29,Monday,-0.4787968642637308
290.5468139648437,2019-07-16,-14.580699999999997,(0.9272333300042154+0.10272648221190252j),0.9272333300042154,2019,Jul,29,Tuesday,0.32353924180292815
288.569580078125,2019-07-17,0.2562999999999997,(0.945780154903493+0.516672422822453j),0.945780154903493,2019,Jul,29,Wednesday,0.6851844488193759
288.7246398925781,2019-07-22,0.4829000000000001,(0.7751779710085535+0.8771128522508751j),0.7751779710085535,2019,Jul,30,Monday,-0.05370508540968322
290.7890930175781,2019-07-23,10.092999999999998,(0.45595946697736883+1.1467213164899672j),0.45595946697736883,2019,Jul,30,Tuesday,-0.7099486103748776
292.1556396484375,2019-07-24,3.800100000000006,(0.03041375812314105+1.2975777291156472j),0.03041375812314105,2019,Jul,30,Wednesday,-0.46774610700782704
290.760009765625,2019-07-25,-10.447599999999998,(-0.461349238077592+1.3140597168095494j),-0.461349238077592,2019,Jul,30,Thursday,0.4799937529020859
292.7080383300781,2019-07-26,3.3076000000000003,(-0.9846876585647296+1.1944604395354976j),-0.9846876585647296,2019,Jul,30,Friday,-0.66551932620873
291.45782470703125,2019-07-30,9.7675,(-1.5128060790116111+0.9511653473095864j),-1.5128060790116111,2019,Jul,31,Tuesday,0.42895181294362317
288.2691650390625,2019-07-31,-11.1924,(-2.0280619802076374+0.6093695690038731j),-2.0280619802076374,2019,Jul,31,Wednesday,1.1061396967437132
284.57647705078125,2019-08-08,6.9225,(-2.5221518435827988+0.20446875770593279j),-2.5221518435827988,2019,Aug,32,Thursday,1.2976083007810724
282.6380615234375,2019-08-09,-9.6353,(-2.995240963846738-0.2216064087899599j),-2.995240963846738,2019,Aug,32,Friday,0.6858296143469111
275.8827819824219,2019-08-15,-8.018699999999999,(-3.454202399371744-0.624732480927828j),-3.454202399371744,2019,Aug,33,Thursday,2.4486049808813526
283.32623291015625,2019-08-19,-0.6644999999999988,(-3.9102112879877584-0.9631625691741635j),-3.9102112879877584,2019,Aug,34,Monday,-2.627166165052819
281.1552124023437,2019-08-20,-17.482999999999993,(-4.37599399997132-1.2018495642365519j),-4.37599399997132,2019,Aug,34,Tuesday,0.7721786444086165
283.35528564453125,2019-08-22,-0.9464999999999998,(-4.863053121799221-1.3160755421089587j),-4.863053121799221,2019,Aug,34,Thursday,-0.7764362811101932
279.1296081542969,2019-08-26,-0.6226000000000049,(-5.37917808756131-1.2940115003783033j),-5.37917808756131,2019,Aug,35,Monday,1.513876481314913
279.9922180175781,2019-08-28,-9.36599999999999,(-5.92650959990697-1.1379423448754258j),-5.92650959990697,2019,Aug,35,Wednesday,-0.3080835136736182
281.7851867675781,2019-09-03,-14.563999999999991,(-6.50035887655367-0.8640302696251719j),-6.50035887655367,2019,Sep,36,Tuesday,-0.6362892139816001
284.98358154296875,2019-09-04,2.0070999999999986,(-7.088897584693341-0.500641033971078j),-7.088897584693341,2019,Sep,36,Wednesday,-1.1223084354803015
288.6471252441406,2019-09-05,8.816899999999997,(-7.673739970035532-0.08540646410107887j),-7.673739970035532,2019,Sep,36,Thursday,-1.2692119133607238
288.8700866699219,2019-09-06,-17.568499999999997,(-8.23134466502012+0.33867261985199054j),-8.23134466502012,2019,Sep,36,Friday,-0.07718397856681936
288.94757080078125,2019-09-10,-5.881599999999999,(-8.735079190151003+0.7276794784488421j),-8.735079190151003,2019,Sep,37,Tuesday,-0.026815982790451276
291.0022888183594,2019-09-11,6.673200000000009,(-9.157723293907155+1.0413293782622999j),-9.157723293907155,2019,Sep,37,Wednesday,-0.7060831122399414
291.8164367675781,2019-09-13,-32.268899999999974,(-9.474144158300183+1.2471413942798193j),-9.474144158300183,2019,Sep,37,Friday,-0.2789931774361265
291.65167236328125,2019-09-17,-18.169399999999992,(-9.663860840721112+1.3238020662933268j),-9.663860840721112,2019,Sep,38,Tuesday,0.05649355718133631
291.8261108398437,2019-09-18,-12.134300000000003,(-9.71322811506489+1.2633725760836376j),-9.71322811506489,2019,Sep,38,Wednesday,-0.05977480084301545
291.80670166015625,2019-09-19,-2.409899999999997,(-9.617009353533069+1.072110874765082j),-9.617009353533069,2019,Sep,38,Thursday,0.006651382431255293
290.4280090332031,2019-09-20,-11.442899999999996,(-9.37916997693505+0.7698236225087426j),-9.37916997693505,2019,Sep,38,Friday,0.47471062847643797
290.3598327636719,2019-09-23,0.8350000000000051,(-9.0128009655076+0.38781505240579206j),-9.0128009655076,2019,Sep,39,Monday,0.023479924506886185
289.18170166015625,2019-09-26,-11.7381,(-8.539168224178574-0.03435483017778714j),-8.539168224178574,2019,Sep,39,Thursday,0.40740167747548295
286.6014709472656,2019-10-04,-5.685899999999993,(-7.985969842611383-0.452966998687529j),-7.985969842611383,2019,Oct,40,Friday,0.9002852303453102
280.9346618652344,2019-10-08,-0.2482000000000039,(-7.3849612328993794-0.8246708559678589j),-7.3849612328993794,2019,Oct,41,Tuesday,2.0171270587997503
285.5206298828125,2019-10-10,-18.43169999999999,(-6.769170427564772-1.1109735310745381j),-6.769170427564772,2019,Oct,41,Thursday,-1.6061774658666095
288.4806213378906,2019-10-11,7.437100000000007,(-6.169966710619855-1.282226120161077j),-6.169966710619855,2019,Oct,41,Friday,-1.0260624929849804
290.5448608398437,2019-10-16,-21.812099999999987,(-5.614261542580722-1.320694064703372j),-5.614261542580722,2019,Oct,42,Wednesday,-0.7104718686078981
290.12615966796875,2019-10-18,-1.1716000000000009,(-5.122110110726509-1.2223937051408449j),-5.122110110726509,2019,Oct,42,Friday,0.144316931763111
293.6606140136719,2019-10-25,-13.075600000000014,(-4.704945928692207-0.9975048202955403j),-4.704945928692207,2019,Oct,43,Friday,-1.2035847427393054
295.2281799316406,2019-10-29,6.527999999999998,(-4.364623176400137-0.6693164308531208j),-4.364623176400137,2019,Oct,44,Tuesday,-0.5309675784783585
298.9476623535156,2019-11-05,-11.8828,(-4.093367326664827-0.2718150372837157j),-4.093367326664827,2019,Nov,45,Tuesday,-1.244191840335107
299.01580810546875,2019-11-06,3.8782000000000014,(-3.874650907939128+0.15383495078083617j),-3.874650907939128,2019,Nov,45,Wednesday,-0.02279001648269885
300.0674133300781,2019-11-07,-3.182899999999996,(-3.6849256722381263+0.5635541143701006j),-3.6849256722381263,2019,Nov,45,Thursday,-0.35045632344375965
300.9631652832031,2019-11-13,-8.039399999999997,(-3.4960627557064146+0.9149127972442463j),-3.4960627557064146,2019,Nov,46,Wednesday,-0.297628433128061
303.5823669433594,2019-11-15,-4.233800000000003,(-3.278285839922247+1.1715250319990893j),-3.278285839922247,2019,Nov,46,Friday,-0.8627647536080141
303.8062744140625,2019-11-18,8.33970000000001,(-3.0033348388813885+1.3068165944460353j),-3.0033348388813885,2019,Nov,47,Monday,-0.07370073943829825
303.7186889648437,2019-11-19,3.3579000000000003,(-2.647573519728102+1.306776974467653j),-2.647573519728102,2019,Nov,47,Tuesday,0.028837688427185704
302.5892333984375,2019-11-20,-13.192900000000002,(-2.194755903317144+1.171410275025707j),-2.194755903317144,2019,Nov,47,Wednesday,0.37326363324996503
302.10235595703125,2019-11-21,-12.885599999999991,(-1.6381932176661607+0.9147347872670596j),-1.6381932176661607,2019,Nov,47,Thursday,0.16116307331131008
302.77423095703125,2019-11-22,-2.9748999999999954,(-0.9821132950977927+0.5633312857285534j),-0.9821132950977927,2019,Nov,47,Friday,-0.22190626919480483
306.0360107421875,2019-11-29,11.481800000000009,(-0.24207329411086748+0.15359037914114784j),-0.24207329411086748,2019,Nov,48,Friday,-1.0658156787647033
305.27655029296875,2019-12-10,-12.485,(0.5556314674451882-0.272056024596101j),0.5556314674451882,2019,Dec,50,Tuesday,0.24877785355275073
308.78179931640625,2019-12-12,10.7559,(1.3755320408944938-0.6695288776981658j),1.3755320408944938,2019,Dec,50,Thursday,-1.1351864103381626
314.3018493652344,2019-12-23,6.686699999999995,(2.1754072323707656-0.9976667261240723j),2.1754072323707656,2019,Dec,52,Monday,-1.7562893950437974
314.3116455078125,2019-12-24,15.1214,(2.909368596117296-1.2224883033252405j),2.909368596117296,2019,Dec,52,Tuesday,-0.003116697302862903
315.9848022460937,2019-12-26,-4.7662999999999975,(3.5313549845812413-1.320711558854291j),3.5313549845812413,2019,Dec,52,Thursday,-0.5295054465873084
315.906494140625,2019-12-27,-0.5332000000000002,(3.998743131596014-1.2821646986209863j),3.998743131596014,2019,Dec,52,Friday,0.02478838103081582
314.92803955078125,2019-12-31,4.864699999999999,(4.2757662041757305-1.1108395545291525j),4.2757662041757305,2019,Dec,01,Tuesday,0.3106914808981287
317.8731994628906,2020-01-02,12.792900000000012,(4.336444161935432-0.8244781987468941j),4.336444161935432,2020,Jan,01,Thursday,-0.9265203600321792
315.4662170410156,2020-01-03,-18.707099999999997,(4.1667673931148945-0.45273561196823703j),4.1667673931148945,2020,Jan,01,Friday,0.7629921341346213
316.66973876953125,2020-01-06,2.820900000000001,(3.7659355481496815-0.03410867588294436j),3.7659355481496815,2020,Jan,02,Monday,-0.3800558061506254
317.4623107910156,2020-01-08,-7.649300000000004,(3.1465318967724545+0.38805048305429063j),3.1465318967724545,2020,Jan,02,Wednesday,-0.24965861916318444
320.3976745605469,2020-01-14,12.553700000000005,(2.3336034436764184+0.7700239488073078j),2.3336034436764184,2020,Jan,03,Tuesday,-0.9161626324402539
321.1217041015625,2020-01-15,21.6533,(1.362710938669294+1.0722553513428854j),1.362710938669294,2020,Jan,03,Wednesday,-0.22546888975982782
323.7929382324219,2020-01-16,4.930300000000004,(0.27710284470979735+1.2634462412496559j),0.27710284470979735,2020,Jan,03,Thursday,-0.8249822079016256
324.80078125,2020-01-17,12.139,(-0.8757544815524227+1.3237972914376521j),-0.8757544815524227,2020,Jan,03,Friday,-0.31029574919722025
324.1647644042969,2020-01-21,-1.3872000000000009,(-2.0479985976827555+1.2470586738764877j),-2.0479985976827555,2020,Jan,04,Tuesday,0.19620172071197484
324.5757141113281,2020-01-23,-11.505600000000005,(-3.1952175414108117+1.0411772786625673j),-3.1952175414108117,2020,Jan,04,Thursday,-0.12661135419709257
321.689208984375,2020-01-24,-27.87580000000001,(-4.279986142030614+0.7274737507678859j),-4.279986142030614,2020,Jan,04,Friday,0.8972962245349381
319.8497314453125,2020-01-28,5.581699999999996,(-5.274778199058611+0.3384345688164468j),-5.274778199058611,2020,Jan,05,Tuesday,0.5751067949159694
320.6227111816406,2020-01-30,-24.12139999999998,(-6.163989539565749-0.08565218642583051j),-6.163989539565749,2020,Jan,05,Thursday,-0.24108701890747097
314.8008728027344,2020-01-31,-20.695400000000017,(-6.944880056187674-0.5008689810970638j),-6.944880056187674,2020,Jan,05,Friday,1.8493717400060783
321.97296142578125,2020-02-04,-4.858499999999995,(-7.627334407199214-0.8642168358266744j),-7.627334407199214,2020,Feb,06,Tuesday,-2.227543763702078
325.6911315917969,2020-02-05,-5.604300000000003,(-8.232443679091384-1.1380682097483736j),-8.232443679091384,2020,Feb,06,Wednesday,-1.1416246269412622
327.4719543457031,2020-02-10,7.412900000000002,(-8.790015363639597-1.29406362962075j),-8.790015363639597,2020,Feb,07,Monday,-0.543809242371418
330.1529541015625,2020-02-12,4.719099999999999,(-9.335217415024788-1.316048537326022j),-9.335217415024788,2020,Feb,07,Wednesday,-0.8120477865040221
330.3290710449219,2020-02-14,-8.931299999999998,(-9.904645151797109-1.2017462219868433j),-9.904645151797109,2020,Feb,07,Friday,-0.05331560519401535
329.477783203125,2020-02-18,4.397799999999997,(-10.532159630607932-0.962993591364062j),-10.532159630607932,2020,Feb,08,Tuesday,0.2583748844977585
331.0530700683594,2020-02-19,3.7677000000000014,(-11.2448768727253-0.6245153665445252j),-11.2448768727253,2020,Feb,08,Wednesday,-0.4758411891208514
315.4759826660156,2020-02-24,-30.242000000000008,(-12.059685326816012-0.22136364174308404j),-12.059685326816012,2020,Feb,09,Monday,4.937646051754974
304.79119873046875,2020-02-26,-22.063399999999994,(-12.980633285258396+0.20471203697077792j),-12.980633285258396,2020,Feb,09,Wednesday,3.505607766907848
291.1025085449219,2020-02-27,-31.168000000000017,(-13.99746062687549+0.6095881669968668j),-13.99746062687549,2020,Feb,09,Thursday,4.702360777985004
293.773681640625,2020-03-03,-40.40860000000002,(-15.085455072506504+0.9513366264815893j),-15.085455072506504,2020,Mar,10,Tuesday,-0.90926221872073
291.0535583496094,2020-03-06,-3.824899999999999,(-16.206699482028927+1.1945666625751161j),-16.206699482028927,2020,Mar,10,Friday,0.9345782633408906
282.2082824707031,2020-03-10,-9.290799999999988,(-17.31265295373506+1.3140898834818524j),-17.31265295373506,2020,Mar,11,Tuesday,3.134307682774873
268.4510803222656,2020-03-11,-27.30010000000001,(-18.347885220682297+1.2975287154233957j),-18.347885220682297,2020,Mar,11,Wednesday,5.124658888287015
242.76641845703125,2020-03-12,-9.237699999999991,(-19.25467205297692+1.1465981981882134j),-19.25467205297692,2020,Mar,11,Thursday,10.579989616554176
263.51959228515625,2020-03-13,-4.1749999999999945,(-19.978069464394196+0.8769283792124166j),-19.978069464394196,2020,Mar,11,Friday,-7.875381730883923
234.684326171875,2020-03-16,-1.8745999999999976,(-20.47102535337235+0.5164456986877931j),-20.47102535337235,2020,Mar,12,Monday,12.286830818076556
219.4310607910156,2020-03-23,-30.09319999999997,(-20.699065272969047+0.10248098605634201j),-20.699065272969047,2020,Mar,13,Monday,6.951279060436422
257.5202331542969,2020-03-30,-40.03810000000001,(-20.64410776061666-0.3220964422982299j),-20.64410776061666,2020,Mar,14,Monday,-14.790749408983183
253.6818084716797,2020-03-31,-21.034199999999988,(-20.307024019411198-0.7133182394368672j),-20.307024019411198,2020,Mar,14,Tuesday,1.513086297256394
242.264892578125,2020-04-01,-8.118399999999994,(-19.708653053274286-1.0306702975479949j),-19.708653053274286,2020,Apr,14,Wednesday,4.712575467315383
247.85525512695312,2020-04-02,-30.02039999999999,(-18.88910949190151-1.2412883038796816j),-18.88910949190151,2020,Apr,14,Thursday,-2.255494863711771
260.6795654296875,2020-04-06,-16.872299999999996,(-17.905367212728823-1.323361099958682j),-17.905367212728823,2020,Apr,15,Monday,-4.9195686979129345
271.3091125488281,2020-04-13,-7.963499999999998,(-16.82725521317792-1.268389399362147j),-16.82725521317792,2020,Apr,16,Monday,-3.9178732403349015
279.3108215332031,2020-04-14,-25.339999999999996,(-15.73214957708463-1.0820659559725145j),-15.73214957708463,2020,Apr,16,Tuesday,-2.864804500037532
273.3759765625,2020-04-15,-14.36469999999999,(-14.698773377004343-0.7836860343392498j),-14.698773377004343,2020,Apr,16,Wednesday,2.170946052147449
274.69482421875,2020-04-16,-19.739699999999985,(-13.800612724258729-0.40414923259894725j),-13.800612724258729,2020,Apr,16,Thursday,-0.4801137626094354
282.11578369140625,2020-04-17,-8.714299999999998,(-13.099512041650744+0.01724041502374991j),-13.099512041650744,2020,Apr,16,Friday,-2.630465894376799
277.1455078125,2020-04-20,1.1880000000000024,(-12.640018452959039+0.4368446814685607j),-12.640018452959039,2020,Apr,17,Monday,1.7933813606204385
268.73046875,2020-04-21,-7.471900000000005,(-12.44500148945652+0.8112102300009997j),-12.44500148945652,2020,Apr,17,Tuesday,3.1314048986118115
278.5037536621094,2020-04-24,-21.392500000000016,(-12.512982089879447+1.1015685505198622j),-12.512982089879447,2020,Apr,17,Friday,-3.5092111986277486
282.51934814453125,2020-04-27,-11.57049999999999,(-12.81747054659617+1.2778507450559446j),-12.81747054659617,2020,Apr,18,Monday,-1.4213520273194113
281.2201843261719,2020-04-28,-20.695199999999986,(-13.308447093209383+1.321801399706116j),-13.308447093209383,2020,Apr,18,Tuesday,0.4619738876397772
285.8952331542969,2020-04-30,-14.544499999999983,(-13.915934943583483+1.2288690769637984j),-13.915934943583483,2020,Apr,18,Thursday,-1.635231471523657
279.09429931640625,2020-05-04,-11.933299999999983,(-14.555429602561079+1.0086776530299137j),-14.555429602561079,2020,May,19,Monday,2.4367870839885786
281.67291259765625,2020-05-05,-23.616299999999985,(-15.134776755126452+0.6840296894020143j),-15.134776755126452,2020,May,19,Tuesday,-0.9154637048587322
283.139404296875,2020-05-07,-21.963100000000008,(-15.561949861467768+0.2885450474871829j),-15.561949861467768,2020,May,19,Thursday,-0.5179398123198453
287.82427978515625,2020-05-08,-18.24919999999999,(-15.75308140690044-0.13682071364925621j),-15.75308140690044,2020,May,19,Friday,-1.6276859936132704
282.1453552246094,2020-05-12,4.500499999999998,(-15.640058732364768-0.5480176089807132j),-15.640058732364768,2020,May,20,Tuesday,2.012765567601149
277.1553649902344,2020-05-13,-18.99650000000001,(-15.177012100157569-0.9024629514711201j),-15.177012100157569,2020,May,20,Wednesday,1.8004306842664963
280.4721984863281,2020-05-14,-30.306899999999995,(-14.345099507340528-1.1634511257279014j),-14.345099507340528,2020,May,20,Thursday,-1.182589045899829
290.3438415527344,2020-05-18,12.264500000000009,(-13.155124696896008-1.3039547444563842j),-13.155124696896008,2020,May,21,Monday,-3.399983624110481
287.3616638183594,2020-05-19,6.194000000000012,(-11.647701646785572-1.3094235479350613j),-11.647701646785572,2020,May,21,Tuesday,1.0377785591678679
292.243408203125,2020-05-20,-13.164099999999983,(-9.890885983746307-1.1792911983592538j),-9.890885983746307,2020,May,21,Wednesday,-1.6704378089419714
290.22576904296875,2020-05-21,-23.1556,(-7.975413544749684-0.9270339285949362j),-7.975413544749684,2020,May,21,Thursday,0.695196421327271
290.7769470214844,2020-05-22,-16.672399999999993,(-6.007899322963197-0.5787749718009785j),-6.007899322963197,2020,May,21,Friday,-0.18955353378646844
294.35943603515625,2020-05-26,0.1784000000000046,(-4.102536995850926-0.1705792942576039j),-4.102536995850926,2020,May,22,Tuesday,-1.2170457526097467
298.7392272949219,2020-05-27,-5.3402,(-2.3719826989813932+0.25528121681120053j),-2.3719826989813932,2020,May,22,Wednesday,-1.4660917815931152
298.1880798339844,2020-05-28,-26.014699999999987,(-0.918192736131479+0.6547053411147419j),-0.918192736131479,2020,May,22,Thursday,0.18483215735665137
300.7273254394531,2020-06-01,13.711499999999996,(0.17599557092855+0.9863295550637665j),0.17599557092855,2020,Jun,23,Monday,-0.8443681004904224
303.2173767089844,2020-06-02,9.108899999999998,(0.853800940013436+1.2158115514169043j),0.853800940013436,2020,Jun,23,Tuesday,-0.8212099506160864
307.2527160644531,2020-06-03,-9.0337,(1.089331133817923+1.3193866565054908j),1.089331133817923,2020,Jun,23,Wednesday,-1.313361654587375
306.44561767578125,2020-06-04,4.8628,(0.8898645267079349+1.2863288499368948j),0.8898645267079349,2020,Jun,23,Thursday,0.2633741003683632
314.2996520996094,2020-06-05,15.62189999999999,(0.2953503952525448+1.1200615287435132j),0.2953503952525448,2020,Jun,23,Friday,-2.4989001328385108
318.0987854003906,2020-06-08,18.09620000000001,(-0.6248602067494728+0.8378029875746625j),-0.6248602067494728,2020,Jun,24,Monday,-1.194324994356477
315.726806640625,2020-06-09,-1.070400000000003,(-1.7777966812333656+0.46878332825823177j),-1.7777966812333656,2020,Jun,24,Tuesday,0.7512756946436605
313.9650573730469,2020-06-10,-21.178100000000008,(-3.05468278305107+0.05121745183368611j),-3.05468278305107,2020,Jun,24,Wednesday,0.5611290894339316
295.8653259277344,2020-06-11,-12.100700000000003,(-4.340115604830536-0.3716523963547061j),-4.340115604830536,2020,Jun,24,Thursday,6.117557503082804
299.40850830078125,2020-06-12,-9.850100000000008,(-5.521815333018201-0.7560347027842559j),-5.521815333018201,2020,Jun,24,Friday,-1.1833940168084478
308.0203857421875,2020-06-16,-0.1136000000000003,(-6.500093528328392-1.0621236429394467j),-6.500093528328392,2020,Jun,25,Tuesday,-2.795879052178829
305.1053466796875,2020-06-19,-16.86759999999999,(-7.196205770601644-1.2582212889132036j),-7.196205770601644,2020,Jun,25,Friday,0.9554205110539504
308.47625732421875,2020-06-23,-1.799799999999995,(-7.558847930165161-1.3240201802606277j),-7.558847930165161,2020,Jun,26,Tuesday,-1.0927617813348611
300.6074523925781,2020-06-24,-5.822800000000003,(-7.568216467041926-1.2527063219604042j),-7.568216467041926,2020,Jun,26,Wednesday,2.6176346823778562
304.8285217285156,2020-06-30,-23.427100000000017,(-7.237268062875376-1.0516648274309777j),-7.237268062875376,2020,Jun,27,Tuesday,-1.3847356907425001
310.1864929199219,2020-07-07,2.3610000000000024,(-6.61006347620482-0.7417151316924178j),-6.61006347620482,2020,Jul,28,Tuesday,-1.7273386539076285
312.5589599609375,2020-07-08,-3.6198,(-5.757342274737907-0.3549549743930714j),-5.757342274737907,2020,Jul,28,Wednesday,-0.7590462424472255
310.7795715332031,2020-07-09,12.0096,(-4.769725164056961+0.06856357470855215j),-4.769725164056961,2020,Jul,28,Thursday,0.5725564325080645
313.9528503417969,2020-07-10,-1.8888999999999947,(-3.749155968644132+0.4849818239853567j),-3.749155968644132,2020,Jul,28,Friday,-1.010750119051007
311.2343139648437,2020-07-13,3.579300000000002,(-2.7993559009594837+0.8511763739506655j),-2.7993559009594837,2020,Jul,29,Monday,0.873469362141166
315.26763916015625,2020-07-14,-15.156100000000007,(-2.0161534620788255+1.1292248859571599j),-2.0161534620788255,2020,Jul,29,Tuesday,-1.279333713430586
318.1640625,2020-07-15,10.103100000000005,(-1.478565415504267+1.2903332399566578j),-1.478565415504267,2020,Jul,29,Wednesday,-0.9103552793124581
317.1162109375,2020-07-16,-26.60749999999999,(-1.2414362840357822+1.3178173931094646j),-1.2414362840357822,2020,Jul,29,Thursday,0.330431408537013
318.0355224609375,2020-07-17,-7.902000000000003,(-1.3303017166408582+1.2088311442271917j),-1.3303017166408582,2020,Jul,29,Friday,-0.2890593844121381
320.60577392578125,2020-07-20,13.147800000000004,(-1.738937790936871+0.9746608803912539j),-1.738937790936871,2020,Jul,30,Monday,-0.8016859563604539
321.2878723144531,2020-07-21,-6.406899999999999,(-2.4298125738626473+0.6395567824062548j),-2.4298125738626473,2020,Jul,30,Tuesday,-0.21230131836544874
323.1166687011719,2020-07-22,11.8914,(-3.3373908271746107+0.23822152699715837j),-3.3373908271746107,2020,Jul,30,Wednesday,-0.5659863955858269
319.2613220214844,2020-07-23,-21.3958,(-4.373982303979138-0.1877834495225427j),-4.373982303979138,2020,Jul,30,Thursday,1.2075833850703876
317.2051696777344,2020-07-24,-3.026999999999993,(-5.437592913265468-0.5943419663234133j),-5.437592913265468,2020,Jul,30,Friday,0.6482089638825794
317.4918518066406,2020-07-28,-12.718899999999993,(-6.421057684858585-0.9393516771102044j),-6.421057684858585,2020,Jul,31,Tuesday,-0.09029590122546782
321.3966064453125,2020-07-29,-0.5644000000000016,(-7.221621715538541-1.1870841006963153j),-7.221621715538541,2020,Jul,31,Wednesday,-1.214933375264582
320.2498779296875,2020-07-30,-20.793099999999995,(-7.750100485652326-1.3118845874916787j),-7.750100485652326,2020,Jul,31,Thursday,0.35807305315407323
322.7805480957031,2020-07-31,-1.5284999999999995,(-7.938797063504922-1.3008290611438411j),-7.938797063504922,2020,Jul,31,Friday,-0.7840218938054755
326.280029296875,2020-08-04,10.284299999999996,(-7.747476016007751-1.155062408746638j),-7.747476016007751,2020,Aug,32,Tuesday,-1.072539195461386
328.3065185546875,2020-08-05,-12.666400000000005,(-7.166880314516101-0.8896799187368136j),-7.166880314516101,2020,Aug,32,Wednesday,-0.6172552609475357
330.5011291503906,2020-08-06,2.3987000000000074,(-6.219510056111405-0.5321640445211095j),-6.219510056111405,2020,Aug,32,Thursday,-0.6640251430743205
330.7384033203125,2020-08-07,0.5811000000000021,(-4.957637951161629-0.11953837930996676j),-4.957637951161629,2020,Aug,32,Friday,-0.07174073755568111
331.7269287109375,2020-08-10,-14.56989999999999,(-3.4587916241008294+0.3054664294519816j),-3.4587916241008294,2020,Aug,33,Monday,-0.297993712619693
328.9886474609375,2020-08-11,0.6785999999999985,(-1.8191624295977318+0.6988377762081159j),-1.8191624295977318,2020,Aug,33,Tuesday,0.8323330519558914
333.5755310058594,2020-08-12,5.957300000000001,(-0.1455829042912058+1.019838950302167j),-0.1455829042912058,2020,Aug,33,Wednesday,-1.3750659501584717
332.9724426269531,2020-08-13,-1.366000000000002,(1.453166900308737+1.2352277441935455j),1.453166900308737,2020,Aug,33,Thursday,0.18112261007194874
332.9823608398437,2020-08-14,-22.116100000000017,(2.874920772778686+1.3226989466671726j),2.874920772778686,2020,Aug,33,Friday,-0.002978600087266692
334.0401306152344,2020-08-17,7.399700000000005,(4.031786912535675+1.2731942236697258j),4.031786912535675,2020,Aug,34,Monday,-0.3166594904158604
334.76177978515625,2020-08-18,12.492599999999998,(4.856247810999973+1.0918401803632114j),4.856247810999973,2020,Aug,34,Tuesday,-0.21557095627374734
333.367919921875,2020-08-19,-6.574099999999999,(5.305209908376503+0.7974174606593969j),5.305209908376503,2020,Aug,34,Wednesday,0.418114575514017
334.4059143066406,2020-08-20,2.7580999999999998,(5.361727795560072+0.4204158631725188j),5.361727795560072,2020,Aug,34,Thursday,-0.310399529541161
335.5921325683594,2020-08-21,15.965300000000004,(5.034363843639866-0.00012311830175675405j),5.034363843639866,2020,Aug,34,Friday,-0.3534702237029119
338.9927673339844,2020-08-24,13.773000000000003,(4.354377928452279-0.4206493499032333j),4.354377928452279,2020,Aug,35,Monday,-1.0031585016899824
340.17901611328125,2020-08-25,0.9705,(3.3711496770298086-0.7976140181217587j),3.3711496770298086,2020,Aug,35,Tuesday,-0.34871309607816814
343.5895080566406,2020-08-26,3.3361000000000027,(2.1463965497158743-1.091979453479155j),2.1463965497158743,2020,Aug,35,Wednesday,-0.9926065445505894
344.3407592773437,2020-08-27,-9.745199999999992,(0.7478492174743688-1.2732617896078182j),0.7478492174743688,2020,Aug,35,Thursday,-0.21817086721876988
346.5650329589844,2020-08-28,-11.010999999999996,(-0.7569281666622378-1.322687808440743j),-0.7569281666622378,2020,Aug,35,Friday,-0.6418055689720759
345.3095703125,2020-08-31,18.9991,(-2.305932777789425-1.235139055253926j),-2.305932777789425,2020,Aug,36,Monday,0.3635759777373737
348.5618896484375,2020-09-01,-1.7411999999999963,(-3.8468082459727393-1.019681895089724j),-3.8468082459727393,2020,Sep,36,Tuesday,-0.9330679665576214
353.6034851074219,2020-09-02,11.777099999999995,(-5.339265129563394-0.698628619030852j),-5.339265129563394,2020,Sep,36,Wednesday,-1.4257765184222615
341.4344787597656,2020-09-03,9.336200000000003,(-6.7556871867759165-0.3052268301879843j),-6.7556871867759165,2020,Sep,36,Thursday,3.5640824534942217
338.646728515625,2020-09-04,-18.03880000000001,(-8.079992246004332+0.1197836082640397j),-8.079992246004332,2020,Sep,36,Friday,0.8232030636646126
329.3939208984375,2020-09-08,-35.92569999999998,(-9.305023636846228+0.5323895077697111j),-9.305023636846228,2020,Sep,37,Tuesday,2.809040188704759
335.8985900878906,2020-09-09,-17.025799999999993,(-10.428921138005364+0.8898622677793575j),-10.428921138005364,2020,Sep,37,Wednesday,-1.9364979137754368
330.066162109375,2020-09-10,-12.579700000000011,(-11.451039832922856+1.1551827598991748j),-11.451039832922856,2020,Sep,37,Thursday,1.767048140058325
330.23419189453125,2020-09-11,-32.11669999999999,(-12.36803743942536+1.3008749510937365j),-12.36803743942536,2020,Sep,37,Friday,-0.05088200715749336
334.58380126953125,2020-09-14,-13.040999999999997,(-13.170729120344872+1.3118512639720807j),-13.170729120344872,2020,Sep,38,Monday,-1.3000059651710583
336.2742614746094,2020-09-15,-0.2397999999999986,(-13.842215027622782+1.1869750146209397j),-13.842215027622782,2020,Sep,38,Tuesday,-0.5027028228878461
334.939697265625,2020-09-16,-3.4280000000000097,(-14.357629394369686+0.9391781252039545j),-14.357629394369686,2020,Sep,38,Wednesday,0.3984490999064727
331.99383544921875,2020-09-17,-13.3756,(-14.685657464422773+0.5941219212572724j),-14.685657464422773,2020,Sep,38,Thursday,0.887324251795274
328.17169189453125,2020-09-18,-11.788299999999987,(-14.791739967274594+0.18753969870150256j),-14.791739967274594,2020,Sep,38,Friday,1.164678017358023
324.519287109375,2020-09-21,-19.845300000000016,(-14.642659413250186-0.2384637412499077j),-14.642659413250186,2020,Sep,39,Monday,1.1254815754372371
320.22174072265625,2020-09-23,-14.3161,(-14.21200393989575-0.6397723768913088j),-14.21200393989575,2020,Sep,39,Wednesday,1.342053283771527
321.0752868652344,2020-09-24,-9.958599999999995,(-13.485856306891458-0.9748275285964552j),-13.485856306891458,2020,Sep,39,Thursday,-0.2658398754110225
326.2660827636719,2020-09-25,-17.864900000000006,(-12.467976632277807-1.2089315884143388j),-12.467976632277807,2020,Sep,39,Friday,-1.590970123056712
331.6851806640625,2020-09-28,-4.263599999999995,(-11.183749365178596-1.317841231489453j),-11.183749365178596,2020,Sep,40,Monday,-1.633807663502218
329.8787841796875,2020-09-29,-0.3884999999999982,(-9.682251174747279-1.290278003876912j),-9.682251174747279,2020,Sep,40,Tuesday,0.5475940166528082
332.37994384765625,2020-09-30,-6.808799999999999,(-8.03596125823006-1.129096295550116j),-8.03596125823006,2020,Sep,40,Wednesday,-0.752500177662685
334.5137939453125,2020-10-01,-11.747299999999996,(-6.337864684122854-0.8509877457688563j),-6.337864684122854,2020,Oct,40,Thursday,-0.6378959960034125
331.3377990722656,2020-10-02,3.985900000000001,(-4.695970969469714-0.4847526919672016j),-4.695970969469714,2020,Oct,40,Friday,0.9585368412356132
337.2134094238281,2020-10-05,0.9329000000000032,(-3.225556902248968-0.06831766728471275j),-3.225556902248968,2020,Oct,41,Monday,-1.742401158246265
332.41961669921875,2020-10-06,-18.7466,(-2.0397146734956597+0.355192191566145j),-2.0397146734956597,2020,Oct,41,Tuesday,1.442090804450613
338.2059326171875,2020-10-07,-17.255000000000006,(-1.2390139877684414+0.7419190929023951j),-1.2390139877684414,2020,Oct,41,Wednesday,-1.7108853984883376
341.2032775878906,2020-10-08,-20.36699999999999,(-0.901243682829843+1.051814410883241j),-0.901243682829843,2020,Oct,41,Thursday,-0.8784631237696794
344.2502746582031,2020-10-09,11.228599999999998,(-1.0722644674174338+1.2527860371067376j),-1.0722644674174338,2020,Oct,41,Friday,-0.8851110063275325
349.7884521484375,2020-10-12,21.382700000000018,(-1.7589681830684647+1.3240217719678633j),-1.7589681830684647,2020,Oct,42,Monday,-1.5832934038326085
347.5057067871094,2020-10-13,-16.836699999999997,(-2.9251990543347004+1.2581445923474812j),-2.9251990543347004,2020,Oct,42,Tuesday,0.6568943521628512
345.3221740722656,2020-10-14,10.911799999999998,(-4.491257807223872+1.0619766006360634j),-4.491257807223872,2020,Oct,42,Wednesday,0.6323175511998347
344.8954162597656,2020-10-15,-2.4281999999999986,(-6.337299414327895+0.7558325421353883j),-6.337299414327895,2020,Oct,42,Thursday,0.12373542598158593
344.6869812011719,2020-10-16,-17.768200000000004,(-8.31057710653236+0.3714160526926464j),-8.31057710653236,2020,Oct,42,Friday,0.060470824243896715
342.0270690917969,2020-10-22,-20.05539999999999,(-10.2361126695734-0.051463503255580245j),-10.2361126695734,2020,Oct,43,Thursday,0.7776905250330035
343.18829345703125,2020-10-23,-6.632599999999998,(-11.930022210190804-0.469013606871375j),-11.930022210190804,2020,Oct,43,Friday,-0.3383636293467496
336.8462219238281,2020-10-26,-14.52929999999999,(-13.214433082503376-0.837993646209422j),-13.214433082503376,2020,Oct,44,Monday,1.882779476338392
335.6849365234375,2020-10-27,-7.051699999999997,(-13.932722749747104-1.1201928231920237j),-13.932722749747104,2020,Oct,44,Tuesday,0.34594504371201484
324.21160888671875,2020-10-28,-11.12339999999999,(-13.963717696066377-1.286387183621771j),-13.963717696066377,2020,Oct,44,Wednesday,3.538839240246827
327.5067138671875,2020-10-29,-1.8874999999999984,(-13.233523615127043-1.3193659885128124j),-13.233523615127043,2020,Oct,44,Thursday,-1.0061182995488194
324.0924987792969,2020-10-30,-25.06870000000001,(-11.72381868055098-1.2157140220805969j),-11.72381868055098,2020,Oct,44,Friday,1.0534693338322798
327.72509765625,2020-11-02,-6.7086,(-9.475719073864006-0.9861652643171043j),-9.475719073864006,2020,Nov,45,Monday,-1.1084286503938556
333.5113830566406,2020-11-03,7.544000000000013,(-6.588697729451492-0.6544913025624614j),-6.588697729451492,2020,Nov,45,Tuesday,-1.7349588932645044
340.965087890625,2020-11-04,-15.118399999999998,(-3.214471200658335-0.25503959583633407j),-3.214471200658335,2020,Nov,45,Wednesday,-2.1860610070364106
351.9024963378906,2020-11-09,10.440999999999994,(0.4537736155401989+0.17082347589426183j),0.4537736155401989,2020,Nov,46,Monday,-3.1080792438493265
351.3863830566406,2020-11-10,-20.798600000000004,(4.196004110082745+0.5789964271618738j),4.196004110082745,2020,Nov,46,Tuesday,0.14687913537241304
353.9966735839844,2020-11-11,-2.492199999999994,(7.78263393200007+0.9272097242279155j),7.78263393200007,2020,Nov,46,Wednesday,-0.7373771343431756
350.5625915527344,2020-11-12,20.693900000000006,(10.993022160640713+1.1794031292377063j),10.993022160640713,2020,Nov,46,Thursday,0.979591694607107
355.4159545898437,2020-11-13,13.7313,(13.633571373842523+1.3094600227322526j),13.633571373842523,2020,Nov,46,Friday,-1.3655445048071035
359.8524780273437,2020-11-16,17.4882,(15.55381346148301+1.3039119859189032j),15.55381346148301,2020,Nov,47,Monday,-1.2328728321728821
357.91705322265625,2020-11-17,19.155999999999995,(16.65901847129386+1.1633335618401075j),16.65901847129386,2020,Nov,47,Tuesday,0.5407467420903922
353.6095886230469,2020-11-18,14.162200000000007,(16.91814732812846+0.9022827569023661j),16.91814732812846,2020,Nov,47,Wednesday,1.2181413452001078
355.0983581542969,2020-11-19,24.8062,(16.366370299596053+0.5477934443021613j),16.366370299596053,2020,Nov,47,Thursday,-0.4192555378144225
352.6667175292969,2020-11-20,9.584100000000012,(15.101854440648712+0.13657579288430796j),15.101854440648712,2020,Nov,47,Friday,0.6895010229588827
354.7807312011719,2020-11-23,14.25629999999999,(13.277041395593978-0.28878536085839784j),13.277041395593978,2020,Nov,48,Monday,-0.5958648500209218
360.49755859375,2020-11-24,20.054600000000004,(11.085143926409426-0.6842405090313982j),11.085143926409426,2020,Nov,48,Tuesday,-1.5858158415492873
359.9417724609375,2020-11-25,23.129100000000008,(8.743037526788818-1.0088371468793271j),8.743037526788818,2020,Nov,48,Wednesday,0.15441001165621415
360.9442138671875,2020-11-27,-7.541599999999997,(6.47206930168042-1.2289607281851114j),6.47206930168042,2020,Nov,48,Friday,-0.2777275179202232
359.3462829589844,2020-11-30,-0.4425000000000018,(4.4785156606149075-1.3218157170912996j),4.4785156606149075,2020,Nov,49,Monday,0.4446771774137215
363.2765808105469,2020-12-01,6.256099999999998,(2.9354713359775206-1.2777862459266531j),2.9354713359775206,2020,Dec,49,Tuesday,-1.0819023463591204
364.0408325195313,2020-12-02,-12.460799999999994,(1.9678374852096083-1.1014319142704874j),1.9678374852096083,2020,Dec,49,Wednesday,-0.20993571069899408
363.9415893554688,2020-12-03,-0.5738999999999982,(1.6418044554422324-0.8110156063946191j),1.6418044554422324,2020,Dec,49,Thursday,0.027268981332495557
367.077880859375,2020-12-04,3.144399999999992,(1.9598185340783052-0.4366122253171688j),1.9598185340783052,2020,Dec,49,Friday,-0.8543940311968035
366.3235778808594,2020-12-07,20.36080000000001,(2.8615181171109905-0.016994198998265857j),2.8615181171109905,2020,Dec,50,Monday,0.20591166500369962
367.3955078125,2020-12-08,18.3709,(4.230569450279699+0.4043837108839342j),4.230569450279699,2020,Dec,50,Tuesday,-0.2917645721971285
364.1003723144531,2020-12-09,-0.0328999999999976,(5.90677724010213+0.7838844928049128j),5.90677724010213,2020,Dec,50,Wednesday,0.9050074508578199
363.9812622070313,2020-12-10,10.654800000000009,(7.702343488132212+1.0822078426768742j),7.702343488132212,2020,Dec,50,Thursday,0.032724241544634936
363.5544738769531,2020-12-11,-10.577799999999996,(9.420747061905193+1.268460020816045j),9.420747061905193,2020,Dec,50,Friday,0.1173932273551559
361.9267883300781,2020-12-14,5.193899999999997,(10.87645600437062+1.3233531427526397j),10.87645600437062,2020,Dec,51,Monday,0.44972784534274
366.81982421875,2020-12-15,18.660099999999996,(11.913590793492244+1.2412025920452514j),11.913590793492244,2020,Dec,51,Tuesday,-1.3339071570335759
367.3955078125,2020-12-16,2.7643000000000044,(12.421740566395027+1.0305157072227695j),12.421740566395027,2020,Dec,51,Wednesday,-0.15669314989115168
369.4499816894531,2020-12-17,11.282100000000009,(12.347389826082068+0.7131107796703102j),12.347389826082068,2020,Dec,51,Thursday,-0.5560898575656337
367.9747924804688,2020-12-18,-4.774399999999999,(11.699818045446575+0.3218575971881391j),11.699818045446575,2020,Dec,51,Friday,0.40089409359815864
366.6590881347656,2020-12-21,11.499700000000006,(10.550852071969276-0.1027264822119068j),10.550852071969276,2020,Dec,52,Monday,0.3588358745984843
366.0411071777344,2020-12-22,24.338999999999995,(9.028433356661862-0.5166724228224571j),9.028433356661862,2020,Dec,52,Tuesday,0.16882829412139255
366.37005615234375,2020-12-23,19.858500000000006,(7.30455410515244-0.8771128522508768j),7.30455410515244,2020,Dec,52,Wednesday,-0.08978598798822235
367.7953796386719,2020-12-24,18.3294,(5.578662221421511-1.14672131648997j),5.578662221421511,2020,Dec,52,Thursday,-0.38753164537531637
370.7756042480469,2020-12-30,16.044500000000014,(4.058081900736988-1.2975777291156512j),4.058081900736988,2020,Dec,53,Wednesday,-0.8037812022231194
372.6594543457031,2020-12-31,-2.863800000000003,(2.937301264318615-1.3140597168095505j),2.937301264318615,2020,Dec,53,Thursday,-0.5055151763058929
367.5860900878906,2021-01-04,0.0,(2.3781099356489133-1.1944604395355j),2.3781099356489133,2021,Jan,01,Monday,1.3801839608782451
367.5860900878906,2021-01-04,-4.923699999999999,(2.4925135031344756-0.9511653473095892j),2.4925135031344756,2021,Jan,01,Monday,0.0
370.1177673339844,2021-01-05,2.6824999999999983,(3.330111656073673-0.6093695690038757j),3.330111656073673,2021,Jan,01,Tuesday,-0.6840193769485303
372.33050537109375,2021-01-06,4.985000000000001,(4.871223249997211-0.20446875770593406j),4.871223249997211,2021,Jan,01,Wednesday,-0.5942940492893456
377.8624267578125,2021-01-07,12.995699999999992,(7.026511247941216+0.22160640878995944j),7.026511247941216,2021,Jan,01,Thursday,-1.4640040911673924
380.015380859375,2021-01-08,0.0,(9.643252428065326+0.6247324809278294j),9.643252428065326,2021,Jan,01,Friday,-0.5665439374305747
380.015380859375,2021-01-08,-1.7680000000000002,(12.51776786715047+0.9631625691741613j),12.51776786715047,2021,Jan,01,Friday,0.0
377.4537658691406,2021-01-11,10.889899999999995,(15.412939971869369+1.2018495642365497j),15.412939971869369,2021,Jan,02,Monday,0.6786566254905146
377.5334777832031,2021-01-12,0.0,(18.07924661284777+1.316075542108958j),18.07924661284777,2021,Jan,02,Tuesday,-0.02111386638624646
377.5334777832031,2021-01-12,15.309699999999996,(20.27739061464895+1.2940115003783044j),20.27739061464895,2021,Jan,02,Tuesday,0.0
378.5501708984375,2021-01-13,46.817999999999984,(21.800428247129663+1.1379423448754244j),21.800428247129663,2021,Jan,02,Wednesday,-0.2685755266789047
377.2244873046875,2021-01-14,31.7738,(22.4933216927593+0.8640302696251718j),22.4933216927593,2021,Jan,02,Thursday,0.35143094851084467
374.4735107421875,2021-01-15,16.106899999999992,(22.26805756180658+0.5006410339710757j),22.26805756180658,2021,Jan,02,Friday,0.7346251426563422
377.4138793945313,2021-01-19,25.603200000000005,(21.1128676763039+0.08540646410107776j),21.1128676763039,2021,Jan,03,Tuesday,-0.7790833387105178
382.63677978515625,2021-01-20,23.87129999999999,(19.09462390819494-0.3386726198519912j),19.09462390819494,2021,Jan,03,Wednesday,-1.3649760468811944
382.9856262207031,2021-01-21,22.736700000000003,(16.35410653163149-0.7276794784488426j),16.35410653163149,2021,Jan,03,Thursday,-0.09108603865615184
381.6300659179688,2021-01-22,30.0635,(13.094506933946931-1.0413293782623019j),13.094506933946931,2021,Jan,03,Friday,0.3552027012006187
383.1351623535156,2021-01-25,17.8324,(9.564158601352243-1.2471413942798222j),9.564158601352243,2021,Jan,04,Monday,-0.392836936787877
382.537109375,2021-01-26,4.035899999999998,(6.035035261061509-1.3238020662933287j),6.035035261061509,2021,Jan,04,Tuesday,0.15633855222378923
373.1877136230469,2021-01-27,-6.078,(2.778960038247795-1.2633725760836374j),2.778960038247795,2021,Jan,04,Wednesday,2.5052796248798304
376.397216796875,2021-01-28,-21.335899999999988,(0.04369546425800764-1.0721108747650814j),0.04369546425800764,2021,Jan,04,Thursday,-0.8526904638511579
376.397216796875,2021-01-28,-7.9909,(-1.9688912133485525-0.7698236225087419j),-1.9688912133485525,2021,Jan,04,Thursday,0.0
376.397216796875,2021-01-28,-20.657400000000003,(-3.1205732261466803-0.38781505240578995j),-3.1205732261466803,2021,Jan,04,Thursday,0.0
376.397216796875,2021-01-28,-8.564300000000006,(-3.3487751377824306+0.034354830177785387j),-3.3487751377824306,2021,Jan,04,Thursday,0.0
376.397216796875,2021-01-28,7.855099999999995,(-2.671729253775648+0.4529669986875293j),-2.671729253775648,2021,Jan,04,Thursday,0.0
368.8619079589844,2021-01-29,35.98229999999996,(-1.1862891473760722+0.8246708559678599j),-1.1862891473760722,2021,Jan,04,Friday,2.0428536195525204
368.8619079589844,2021-01-29,-39.98590000000003,(0.9414083459478328+1.1109735310745388j),0.9414083459478328,2021,Jan,04,Friday,0.0
368.8619079589844,2021-01-29,28.738100000000003,(3.491576946901464+1.2822261201610796j),3.491576946901464,2021,Jan,04,Friday,0.0
368.8619079589844,2021-01-29,1.6322999999999972,(6.211268265525955+1.3206940647033742j),6.211268265525955,2021,Jan,04,Friday,0.0
375.0018005371094,2021-02-01,1.1615000000000029,(8.837816821930884+1.2223937051408476j),8.837816821930884,2021,Feb,05,Monday,-1.6372968261301524
375.0018005371094,2021-02-01,31.37650000000001,(11.123069377458648+0.9975048202955413j),11.123069377458648,2021,Feb,05,Monday,0.0
380.3044128417969,2021-02-02,13.969900000000006,(12.856150131087098+0.6693164308531229j),12.856150131087098,2021,Feb,05,Tuesday,-1.3943073300317854
380.3044128417969,2021-02-02,-18.529900000000005,(13.882648278864345+0.2718150372837174j),13.882648278864345,2021,Feb,05,Tuesday,0.0
380.3044128417969,2021-02-02,20.1696,(14.118447184382667-0.1538349507808325j),14.118447184382667,2021,Feb,05,Tuesday,0.0
380.6034240722656,2021-02-03,25.09119999999999,(13.556914134231-0.5635541143700983j),13.556914134231,2021,Feb,05,Wednesday,-0.07856241209537318
388.97601318359375,2021-02-09,32.055800000000005,(12.26878976389854-0.9149127972442459j),12.26878976389854,2021,Feb,06,Tuesday,-2.152469259685774
388.8065490722656,2021-02-10,0.9400999999999988,(10.39479875214796-1.1715250319990858j),10.39479875214796,2021,Feb,06,Wednesday,0.04358571421507751
389.43450927734375,2021-02-11,23.9577,(8.131684364288546-1.3068165944460322j),8.131684364288546,2021,Feb,06,Thursday,-0.16124924476862423
391.3582153320313,2021-02-12,-3.892999999999998,(5.712985016201999-1.3067769744676512j),5.712985016201999,2021,Feb,06,Friday,-0.49154610260461196
391.0193176269531,2021-02-16,-9.254199999999996,(3.3863634572080192-1.171410275025706j),3.3863634572080192,2021,Feb,07,Tuesday,0.08667032287175136
389.4444885253906,2021-02-18,-9.729599999999996,(1.389622189409391-0.9147347872670596j),1.389622189409391,2021,Feb,07,Thursday,0.4043783255286204
388.7567138671875,2021-02-19,11.1392,(-0.07233799499131434-0.5633312857285545j),-0.07233799499131434,2021,Feb,07,Friday,0.17691647080804174
385.7665100097656,2021-02-22,-12.630800000000002,(-0.8474475647612841-0.15359037914114562j),-0.8474475647612841,2021,Feb,08,Monday,0.7751330869406381
386.2349853515625,2021-02-23,1.4730000000000012,(-0.8514082873208463+0.27205602459610256j),-0.8514082873208463,2021,Feb,08,Tuesday,-0.12129282938221353
390.4910278320313,2021-02-24,5.728200000000006,(-0.07623313759023281+0.6695288776981662j),-0.07623313759023281,2021,Feb,08,Wednesday,-1.0899206837345132
381.0818481445313,2021-02-25,-4.283599999999998,(1.408425548952781+0.9976667261240734j),1.408425548952781,2021,Feb,08,Thursday,2.469070550936192
379.1182861328125,2021-02-26,18.014799999999997,(3.461296459231463+1.2224883033252396j),3.461296459231463,2021,Feb,08,Friday,0.51792859472648
380.1748352050781,2021-03-03,2.2636000000000016,(5.882307501913763+1.3207115588542908j),5.882307501913763,2021,Mar,09,Wednesday,-0.27791136456880583
375.4702453613281,2021-03-04,-2.3114,(8.431015268478232+1.282164698620989j),8.431015268478232,2021,Mar,09,Thursday,1.2529860626432798
382.3776245117188,2021-03-05,-3.3091999999999984,(10.848934419110979+1.1108395545291558j),10.848934419110979,2021,Mar,09,Friday,-1.8064286996947398
385.9060668945313,2021-03-09,27.3005,(12.883690818704133+0.8244781987468969j),12.883690818704133,2021,Mar,10,Tuesday,-0.9143267456784621
388.3081970214844,2021-03-10,6.939099999999997,(14.312751184545103+0.45273561196824175j),14.312751184545103,2021,Mar,10,Wednesday,-0.6186143237198127
392.2453002929688,2021-03-11,32.5133,(14.964520349589613+0.03410867588294939j),14.964520349589613,2021,Mar,10,Thursday,-1.0037349761855108
392.7735595703125,2021-03-12,23.675400000000003,(14.734841012325795-0.38805048305428974j),14.734841012325795,2021,Mar,10,Friday,-0.1344946126011104
395.1159057617188,2021-03-15,42.39199999999997,(13.597356875812368-0.7700239488073016j),13.597356875812368,2021,Mar,11,Monday,-0.59282508176699
394.6175231933594,2021-03-16,-5.600799999999995,(11.606768270111461-1.0722553513428814j),11.606768270111461,2021,Mar,11,Tuesday,0.1262950931135487
395.963134765625,2021-03-17,-9.3048,(8.894666474110554-1.263446241249651j),8.894666474110554,2021,Mar,11,Wednesday,-0.3398325384665224
395.7799987792969,2021-03-29,-13.327600000000002,(5.658317684351632-1.3237972914376521j),5.658317684351632,2021,Mar,13,Monday,0.04627216809667267
394.7300109863281,2021-03-30,-17.260400000000008,(2.14341628091078-1.247058673876482j),2.14341628091078,2021,Mar,13,Tuesday,0.26600151084157364
396.3299865722656,2021-03-31,15.98660000000002,(-1.3776202836607165-1.041177278662566j),-1.3776202836607165,2021,Mar,13,Wednesday,-0.40369783769711454
400.6099853515625,2021-04-01,1.5042999999999982,(-4.629836765305083-0.727473750767881j),-4.629836765305083,2021,Apr,13,Thursday,-1.0683704689839146
406.3599853515625,2021-04-05,7.540800000000002,(-7.360205136603179-0.3384345688164456j),-7.360205136603179,2021,Apr,14,Monday,-1.4150015275311567
406.1199951171875,2021-04-06,3.978000000000001,(-9.360149865573995+0.08565218642583128j),-9.360149865573995,2021,Apr,14,Tuesday,0.0590934298385859
406.5899963378906,2021-04-07,-23.674399999999995,(-10.48409880497433+0.5008689810970653j),-10.48409880497433,2021,Apr,14,Wednesday,-0.11559586436862279
408.5199890136719,2021-04-08,-8.181199999999993,(-10.662395314958586+0.8642168358266762j),-10.662395314958586,2021,Apr,14,Thursday,-0.47243530982192805
411.489990234375,2021-04-09,8.735999999999997,(-9.907427624033005+1.1380682097483756j),-9.907427624033005,2021,Apr,14,Friday,-0.7217675499254561
411.4500122070313,2021-04-14,-8.333400000000003,(-8.312452894109477+1.2940636296207546j),-8.312452894109477,2021,Apr,15,Wednesday,0.009716375296542346
415.8699951171875,2021-04-15,-33.19230000000004,(-6.043258021766124+1.3160485373260247j),-6.043258021766124,2021,Apr,15,Thursday,-1.0628280381013488
417.260009765625,2021-04-16,-30.00760000000001,(-3.323445430103143+1.201746221986846j),-3.323445430103143,2021,Apr,15,Friday,-0.3331291319334073
415.2099914550781,2021-04-19,13.052899999999998,(-0.41470081049140256+0.9629935913640669j),-0.41470081049140256,2021,Apr,16,Monday,0.49373048643717166
412.1700134277344,2021-04-20,-12.423,(2.4061604524392353+0.6245153665445315j),2.4061604524392353,2021,Apr,16,Tuesday,0.7375543897680359
416.0700073242188,2021-04-21,-0.3501999999999993,(4.871299547524268+0.2213636417430889j),4.871299547524268,2021,Apr,16,Wednesday,-0.937340790691843
412.2699890136719,2021-04-22,-0.4537999999999977,(6.7449635644292645-0.20471203697077323j),6.7449635644292645,2021,Apr,16,Thursday,0.9217305192740888
416.739990234375,2021-04-23,24.86299999999998,(7.843563230260857-0.6095881669968605j),7.843563230260857,2021,Apr,16,Friday,-1.0726115384773083
417.6099853515625,2021-04-26,37.5116,(8.05098230903213-0.9513366264815827j),8.05098230903213,2021,Apr,17,Monday,-0.2083271827073574
417.5199890136719,2021-04-27,36.139,(7.327832972715691-1.1945666625751135j),7.327832972715691,2021,Apr,17,Tuesday,0.0215549770690604
417.3999938964844,2021-04-28,21.286899999999985,(5.7139321596895805-1.3140898834818486j),5.7139321596895805,2021,Apr,17,Wednesday,0.02874823165839313
420.05999755859375,2021-04-29,-6.9818,(3.323891311505004-1.2975287154233937j),3.323891311505004,2021,Apr,17,Thursday,-0.6332437455528805
417.2999877929688,2021-04-30,2.942000000000009,(0.33632852007153474-1.1465981981882083j),0.33632852007153474,2021,Apr,17,Friday,0.6613970396266211
418.2000122070313,2021-05-03,-20.881899999999995,(-3.0222283860566597-0.8769283792124152j),-3.0222283860566597,2021,May,18,Monday,-0.21521386604287374
415.6199951171875,2021-05-04,-28.30999999999998,(-6.497227117961015-0.5164456986877899j),-6.497227117961015,2021,May,18,Tuesday,0.6207634666653528
415.75,2021-05-05,-18.2596,(-9.82793840530582-0.10248098605634101j),-9.82793840530582,2021,May,18,Wednesday,-0.03126996579976282
419.0700073242188,2021-05-06,-33.82800000000001,(-12.769305857090762+0.3220964422982345j),-12.769305857090762,2021,May,18,Thursday,-0.792232148851979
422.1199951171875,2021-05-07,-10.164899999999992,(-15.111885237743184+0.7133182394368683j),-15.111885237743184,2021,May,18,Friday,-0.7225404691199144
417.9400024414063,2021-05-10,-26.946099999999984,(-16.698179383432553+1.0306702975479969j),-16.698179383432553,2021,May,19,Monday,1.0001418029773834
414.2099914550781,2021-05-11,-5.624000000000002,(-17.434042522023773+1.2412883038796845j),-17.434042522023773,2021,May,19,Tuesday,0.9005120743768247
405.4100036621094,2021-05-12,-32.294300000000014,(-17.294306395008736+1.3233610999586827j),-17.294306395008736,2021,May,19,Wednesday,2.1706390354153893
410.2799987792969,2021-05-13,-0.2195000000000024,(-16.32232355180521+1.2683893993621496j),-16.32232355180521,2021,May,19,Thursday,-1.1869930612452895
416.5799865722656,2021-05-14,11.0811,(-14.623678806659882+1.082065955972514j),-14.623678806659882,2021,May,19,Friday,-1.5123116798785197
